ISO-10303-21;
HEADER;
FILE_DESCRIPTION(('STEP AP203'),
    '1');
FILE_NAME('Деталь',
    '',
    ('UNSPECIFIED'),
    ('UNSPECIFIED'),
    'C3D Converter',
    'C3D Toolkit',
    '');
FILE_SCHEMA(('CONFIG_CONTROL_DESIGN'));
ENDSEC;

DATA;
#1=PRODUCT_DEFINITION('','UNSPECIFIED',#148,#151);
#2=SHAPE_DEFINITION_REPRESENTATION(#146,#3);
#3=SHAPE_REPRESENTATION('NONE',(#4),#8);
#4=AXIS2_PLACEMENT_3D('',#5,#6,#7);
#5=CARTESIAN_POINT('',(0.,0.,0.));
#6=DIRECTION('',(0.,0.,1.));
#7=DIRECTION('',(1.,0.,0.));
#8=(GEOMETRIC_REPRESENTATION_CONTEXT(3)GLOBAL_UNCERTAINTY_ASSIGNED_CONTEXT((#10))
GLOBAL_UNIT_ASSIGNED_CONTEXT((#9,#11,#12))REPRESENTATION_CONTEXT('NONE','NONE'));
#9=(LENGTH_UNIT()NAMED_UNIT(*)SI_UNIT(.MILLI.,.METRE.));
#10=UNCERTAINTY_MEASURE_WITH_UNIT(LENGTH_MEASURE(1.E-5),#9,'NONE','NONE');
#11=(NAMED_UNIT(*)PLANE_ANGLE_UNIT()SI_UNIT($,.RADIAN.));
#12=(NAMED_UNIT(*)SI_UNIT($,.STERADIAN.)SOLID_ANGLE_UNIT());
#13=MANIFOLD_SOLID_BREP('',#14);
#14=CLOSED_SHELL('',(#173,#174,#175,#176,#177,#178,#179,#180,#181,#182,#183,#184,
#185,#186,#187,#188,#189,#190,#191,#192,#193,#194,#195,#196,#197,#198,#199,#200,
#201,#202,#203,#204,#205,#206,#207,#208,#209,#210,#211,#212,#213,#214,#215,#216,
#217,#218,#219,#220,#221,#222,#223,#224,#225,#226,#227,#228,#229,#230,#231,#232,
#233,#234,#235,#236,#237,#238,#239,#240,#241,#242,#243,#244,#245,#246,#247,#248,
#249,#250,#251,#252,#253,#254,#255,#256,#257,#258,#259,#260,#261,#262,#263,#264,
#265,#266,#267,#268,#269,#270,#271,#272,#273,#274,#275,#276,#277,#278,#279,#280,
#281,#282,#283,#284,#285,#286,#287,#288,#289,#290,#291,#292,#293,#294,#295,#296,
#297,#298,#299,#300,#301,#302,#303,#304,#305,#306,#307,#308,#309,#310,#311,#312,
#313,#314,#315,#316,#317,#318,#319,#320,#321,#322,#323));
#15=COLOUR_RGB('',0.564705882352941,0.564705882352941,0.564705882352941);
#16=FILL_AREA_STYLE_COLOUR('',#15);
#17=FILL_AREA_STYLE($,(#16));
#18=SURFACE_STYLE_FILL_AREA(#17);
#19=SURFACE_SIDE_STYLE('',(#18));
#20=SURFACE_STYLE_USAGE(.BOTH.,#19);
#21=PRESENTATION_STYLE_ASSIGNMENT((#20));
#22=MECHANICAL_DESIGN_GEOMETRIC_PRESENTATION_REPRESENTATION('NONE',(#23,#33,#43,
#53,#63,#73,#83,#93,#103,#113,#123,#133,#143),#8);
#23=STYLED_ITEM('',(#21),#13);
#24=MANIFOLD_SOLID_BREP('',#25);
#25=CLOSED_SHELL('',(#324));
#26=COLOUR_RGB('',0.564705882352941,0.564705882352941,0.564705882352941);
#27=FILL_AREA_STYLE_COLOUR('',#26);
#28=FILL_AREA_STYLE($,(#27));
#29=SURFACE_STYLE_FILL_AREA(#28);
#30=SURFACE_SIDE_STYLE('',(#29));
#31=SURFACE_STYLE_USAGE(.BOTH.,#30);
#32=PRESENTATION_STYLE_ASSIGNMENT((#31));
#33=STYLED_ITEM('',(#32),#24);
#34=MANIFOLD_SOLID_BREP('',#35);
#35=CLOSED_SHELL('',(#325));
#36=COLOUR_RGB('',0.564705882352941,0.564705882352941,0.564705882352941);
#37=FILL_AREA_STYLE_COLOUR('',#36);
#38=FILL_AREA_STYLE($,(#37));
#39=SURFACE_STYLE_FILL_AREA(#38);
#40=SURFACE_SIDE_STYLE('',(#39));
#41=SURFACE_STYLE_USAGE(.BOTH.,#40);
#42=PRESENTATION_STYLE_ASSIGNMENT((#41));
#43=STYLED_ITEM('',(#42),#34);
#44=MANIFOLD_SOLID_BREP('',#45);
#45=CLOSED_SHELL('',(#326));
#46=COLOUR_RGB('',0.564705882352941,0.564705882352941,0.564705882352941);
#47=FILL_AREA_STYLE_COLOUR('',#46);
#48=FILL_AREA_STYLE($,(#47));
#49=SURFACE_STYLE_FILL_AREA(#48);
#50=SURFACE_SIDE_STYLE('',(#49));
#51=SURFACE_STYLE_USAGE(.BOTH.,#50);
#52=PRESENTATION_STYLE_ASSIGNMENT((#51));
#53=STYLED_ITEM('',(#52),#44);
#54=MANIFOLD_SOLID_BREP('',#55);
#55=CLOSED_SHELL('',(#327));
#56=COLOUR_RGB('',0.564705882352941,0.564705882352941,0.564705882352941);
#57=FILL_AREA_STYLE_COLOUR('',#56);
#58=FILL_AREA_STYLE($,(#57));
#59=SURFACE_STYLE_FILL_AREA(#58);
#60=SURFACE_SIDE_STYLE('',(#59));
#61=SURFACE_STYLE_USAGE(.BOTH.,#60);
#62=PRESENTATION_STYLE_ASSIGNMENT((#61));
#63=STYLED_ITEM('',(#62),#54);
#64=MANIFOLD_SOLID_BREP('',#65);
#65=CLOSED_SHELL('',(#328));
#66=COLOUR_RGB('',0.564705882352941,0.564705882352941,0.564705882352941);
#67=FILL_AREA_STYLE_COLOUR('',#66);
#68=FILL_AREA_STYLE($,(#67));
#69=SURFACE_STYLE_FILL_AREA(#68);
#70=SURFACE_SIDE_STYLE('',(#69));
#71=SURFACE_STYLE_USAGE(.BOTH.,#70);
#72=PRESENTATION_STYLE_ASSIGNMENT((#71));
#73=STYLED_ITEM('',(#72),#64);
#74=MANIFOLD_SOLID_BREP('',#75);
#75=CLOSED_SHELL('',(#329));
#76=COLOUR_RGB('',0.564705882352941,0.564705882352941,0.564705882352941);
#77=FILL_AREA_STYLE_COLOUR('',#76);
#78=FILL_AREA_STYLE($,(#77));
#79=SURFACE_STYLE_FILL_AREA(#78);
#80=SURFACE_SIDE_STYLE('',(#79));
#81=SURFACE_STYLE_USAGE(.BOTH.,#80);
#82=PRESENTATION_STYLE_ASSIGNMENT((#81));
#83=STYLED_ITEM('',(#82),#74);
#84=MANIFOLD_SOLID_BREP('',#85);
#85=CLOSED_SHELL('',(#330));
#86=COLOUR_RGB('',0.564705882352941,0.564705882352941,0.564705882352941);
#87=FILL_AREA_STYLE_COLOUR('',#86);
#88=FILL_AREA_STYLE($,(#87));
#89=SURFACE_STYLE_FILL_AREA(#88);
#90=SURFACE_SIDE_STYLE('',(#89));
#91=SURFACE_STYLE_USAGE(.BOTH.,#90);
#92=PRESENTATION_STYLE_ASSIGNMENT((#91));
#93=STYLED_ITEM('',(#92),#84);
#94=MANIFOLD_SOLID_BREP('',#95);
#95=CLOSED_SHELL('',(#331));
#96=COLOUR_RGB('',0.564705882352941,0.564705882352941,0.564705882352941);
#97=FILL_AREA_STYLE_COLOUR('',#96);
#98=FILL_AREA_STYLE($,(#97));
#99=SURFACE_STYLE_FILL_AREA(#98);
#100=SURFACE_SIDE_STYLE('',(#99));
#101=SURFACE_STYLE_USAGE(.BOTH.,#100);
#102=PRESENTATION_STYLE_ASSIGNMENT((#101));
#103=STYLED_ITEM('',(#102),#94);
#104=MANIFOLD_SOLID_BREP('',#105);
#105=CLOSED_SHELL('',(#332));
#106=COLOUR_RGB('',0.564705882352941,0.564705882352941,0.564705882352941);
#107=FILL_AREA_STYLE_COLOUR('',#106);
#108=FILL_AREA_STYLE($,(#107));
#109=SURFACE_STYLE_FILL_AREA(#108);
#110=SURFACE_SIDE_STYLE('',(#109));
#111=SURFACE_STYLE_USAGE(.BOTH.,#110);
#112=PRESENTATION_STYLE_ASSIGNMENT((#111));
#113=STYLED_ITEM('',(#112),#104);
#114=MANIFOLD_SOLID_BREP('',#115);
#115=CLOSED_SHELL('',(#333));
#116=COLOUR_RGB('',0.564705882352941,0.564705882352941,0.564705882352941);
#117=FILL_AREA_STYLE_COLOUR('',#116);
#118=FILL_AREA_STYLE($,(#117));
#119=SURFACE_STYLE_FILL_AREA(#118);
#120=SURFACE_SIDE_STYLE('',(#119));
#121=SURFACE_STYLE_USAGE(.BOTH.,#120);
#122=PRESENTATION_STYLE_ASSIGNMENT((#121));
#123=STYLED_ITEM('',(#122),#114);
#124=MANIFOLD_SOLID_BREP('',#125);
#125=CLOSED_SHELL('',(#334));
#126=COLOUR_RGB('',0.564705882352941,0.564705882352941,0.564705882352941);
#127=FILL_AREA_STYLE_COLOUR('',#126);
#128=FILL_AREA_STYLE($,(#127));
#129=SURFACE_STYLE_FILL_AREA(#128);
#130=SURFACE_SIDE_STYLE('',(#129));
#131=SURFACE_STYLE_USAGE(.BOTH.,#130);
#132=PRESENTATION_STYLE_ASSIGNMENT((#131));
#133=STYLED_ITEM('',(#132),#124);
#134=MANIFOLD_SOLID_BREP('',#135);
#135=CLOSED_SHELL('',(#335));
#136=COLOUR_RGB('',0.564705882352941,0.564705882352941,0.564705882352941);
#137=FILL_AREA_STYLE_COLOUR('',#136);
#138=FILL_AREA_STYLE($,(#137));
#139=SURFACE_STYLE_FILL_AREA(#138);
#140=SURFACE_SIDE_STYLE('',(#139));
#141=SURFACE_STYLE_USAGE(.BOTH.,#140);
#142=PRESENTATION_STYLE_ASSIGNMENT((#141));
#143=STYLED_ITEM('',(#142),#134);
#144=ADVANCED_BREP_SHAPE_REPRESENTATION('NONE',(#13,#24,#34,#44,#54,#64,#74,#84,
#94,#104,#114,#124,#134),#8);
#145=SHAPE_REPRESENTATION_RELATIONSHIP('','',#3,#144);
#146=PRODUCT_DEFINITION_SHAPE('NONE','NONE',#1);
#147=MECHANICAL_CONTEXT('NONE',#152,'mechanical');
#148=PRODUCT_DEFINITION_FORMATION_WITH_SPECIFIED_SOURCE('ANY','UNSPECIFIED',#149,
.NOT_KNOWN.);
#149=PRODUCT('','\X2\0414043504420430043B044C\X0\','NONE',(#147));
#150=PRODUCT_RELATED_PRODUCT_CATEGORY('detail','',(#149));
#151=DESIGN_CONTEXT('detailed design',#152,'design');
#152=APPLICATION_CONTEXT('configuration controlled 3d designs of mechanical parts and assemblies');
#153=APPLICATION_PROTOCOL_DEFINITION('international standard','config_control_design',
1994,#152);
#154=CC_DESIGN_DATE_AND_TIME_ASSIGNMENT(#155,#159,(#1));
#155=DATE_AND_TIME(#156,#157);
#156=CALENDAR_DATE(0,1,1);
#157=LOCAL_TIME(0,0,0.,#158);
#158=COORDINATED_UNIVERSAL_TIME_OFFSET(0,0,.AHEAD.);
#159=DATE_TIME_ROLE('creation_date');
#160=CC_DESIGN_APPROVAL(#161,(#1));
#161=APPROVAL(#162,'UNSPECIFIED');
#162=APPROVAL_STATUS('not_yet_approved');
#163=APPROVAL_DATE_TIME(#164,#161);
#164=DATE_AND_TIME(#165,#166);
#165=CALENDAR_DATE(0,1,1);
#166=LOCAL_TIME(0,0,0.,#167);
#167=COORDINATED_UNIVERSAL_TIME_OFFSET(0,0,.AHEAD.);
#168=PERSON('UNSPECIFIED','darks','UNSPECIFIED',('UNSPECIFIED'),('UNSPECIFIED'),
('UNSPECIFIED'));
#169=ORGANIZATION('UNSPECIFIED','UNSPECIFIED','UNSPECIFIED');
#170=PERSON_AND_ORGANIZATION(#168,#169);
#171=PERSON_AND_ORGANIZATION_ROLE('creator');
#172=CC_DESIGN_PERSON_AND_ORGANIZATION_ASSIGNMENT(#170,#171,(#148,#1));
#173=ADVANCED_FACE('',(#336,#338,#340,#342,#344,#346),#348,.T.);
#174=ADVANCED_FACE('',(#353),#355,.F.);
#175=ADVANCED_FACE('',(#360,#362),#364,.T.);
#176=ADVANCED_FACE('',(#369,#371),#373,.T.);
#177=ADVANCED_FACE('',(#378,#380),#382,.T.);
#178=ADVANCED_FACE('',(#387,#389,#391),#393,.T.);
#179=ADVANCED_FACE('',(#398),#400,.T.);
#180=ADVANCED_FACE('',(#405,#407),#409,.F.);
#181=ADVANCED_FACE('',(#414),#416,.F.);
#182=ADVANCED_FACE('',(#421,#423),#425,.F.);
#183=ADVANCED_FACE('',(#430,#432),#434,.T.);
#184=ADVANCED_FACE('',(#439),#441,.F.);
#185=ADVANCED_FACE('',(#446,#448),#450,.F.);
#186=ADVANCED_FACE('',(#455,#457),#459,.T.);
#187=ADVANCED_FACE('',(#464),#466,.F.);
#188=ADVANCED_FACE('',(#471,#473),#475,.F.);
#189=ADVANCED_FACE('',(#480,#482),#484,.T.);
#190=ADVANCED_FACE('',(#489),#491,.F.);
#191=ADVANCED_FACE('',(#496,#498),#500,.F.);
#192=ADVANCED_FACE('',(#505,#507),#509,.T.);
#193=ADVANCED_FACE('',(#514),#516,.F.);
#194=ADVANCED_FACE('',(#521,#523),#525,.F.);
#195=ADVANCED_FACE('',(#530,#532),#534,.T.);
#196=ADVANCED_FACE('',(#539,#541),#543,.F.);
#197=ADVANCED_FACE('',(#548),#550,.T.);
#198=ADVANCED_FACE('',(#555,#557),#559,.F.);
#199=ADVANCED_FACE('',(#564),#566,.T.);
#200=ADVANCED_FACE('',(#571,#573),#575,.F.);
#201=ADVANCED_FACE('',(#580),#582,.T.);
#202=ADVANCED_FACE('',(#587,#589),#591,.F.);
#203=ADVANCED_FACE('',(#596),#598,.T.);
#204=ADVANCED_FACE('',(#603,#605),#607,.F.);
#205=ADVANCED_FACE('',(#612),#614,.T.);
#206=ADVANCED_FACE('',(#619,#621,#623,#625,#627,#629),#631,.T.);
#207=ADVANCED_FACE('',(#636,#638),#640,.F.);
#208=ADVANCED_FACE('',(#645),#647,.F.);
#209=ADVANCED_FACE('',(#652,#654),#656,.T.);
#210=ADVANCED_FACE('',(#661),#663,.F.);
#211=ADVANCED_FACE('',(#668),#670,.F.);
#212=ADVANCED_FACE('',(#675),#677,.F.);
#213=ADVANCED_FACE('',(#682),#684,.F.);
#214=ADVANCED_FACE('',(#689),#691,.T.);
#215=ADVANCED_FACE('',(#696,#698,#700),#702,.T.);
#216=ADVANCED_FACE('',(#707),#709,.T.);
#217=ADVANCED_FACE('',(#714),#716,.T.);
#218=ADVANCED_FACE('',(#721),#723,.T.);
#219=ADVANCED_FACE('',(#728,#730),#732,.F.);
#220=ADVANCED_FACE('',(#737),#739,.T.);
#221=ADVANCED_FACE('',(#744),#746,.T.);
#222=ADVANCED_FACE('',(#751,#753),#755,.F.);
#223=ADVANCED_FACE('',(#760,#762),#764,.F.);
#224=ADVANCED_FACE('',(#769),#771,.T.);
#225=ADVANCED_FACE('',(#776,#778),#780,.F.);
#226=ADVANCED_FACE('',(#785),#787,.T.);
#227=ADVANCED_FACE('',(#792,#794),#796,.F.);
#228=ADVANCED_FACE('',(#801),#803,.T.);
#229=ADVANCED_FACE('',(#808,#810),#812,.F.);
#230=ADVANCED_FACE('',(#817),#819,.T.);
#231=ADVANCED_FACE('',(#824),#826,.T.);
#232=ADVANCED_FACE('',(#831),#833,.F.);
#233=ADVANCED_FACE('',(#838),#840,.F.);
#234=ADVANCED_FACE('',(#845),#847,.F.);
#235=ADVANCED_FACE('',(#852),#854,.F.);
#236=ADVANCED_FACE('',(#859),#861,.F.);
#237=ADVANCED_FACE('',(#866),#868,.F.);
#238=ADVANCED_FACE('',(#873),#875,.F.);
#239=ADVANCED_FACE('',(#880),#882,.F.);
#240=ADVANCED_FACE('',(#887,#889),#891,.F.);
#241=ADVANCED_FACE('',(#896,#898),#900,.F.);
#242=ADVANCED_FACE('',(#905,#907),#909,.F.);
#243=ADVANCED_FACE('',(#914,#916),#918,.F.);
#244=ADVANCED_FACE('',(#923,#925),#927,.F.);
#245=ADVANCED_FACE('',(#932,#934),#936,.F.);
#246=ADVANCED_FACE('',(#941,#943),#945,.T.);
#247=ADVANCED_FACE('',(#950,#952),#954,.T.);
#248=ADVANCED_FACE('',(#959,#961),#963,.T.);
#249=ADVANCED_FACE('',(#968,#970),#972,.T.);
#250=ADVANCED_FACE('',(#977,#979),#981,.T.);
#251=ADVANCED_FACE('',(#986),#988,.F.);
#252=ADVANCED_FACE('',(#993,#995),#997,.F.);
#253=ADVANCED_FACE('',(#1002,#1004),#1006,.T.);
#254=ADVANCED_FACE('',(#1011),#1013,.F.);
#255=ADVANCED_FACE('',(#1018,#1020),#1022,.F.);
#256=ADVANCED_FACE('',(#1027,#1029),#1031,.T.);
#257=ADVANCED_FACE('',(#1036),#1038,.F.);
#258=ADVANCED_FACE('',(#1043,#1045),#1047,.F.);
#259=ADVANCED_FACE('',(#1052,#1054),#1056,.T.);
#260=ADVANCED_FACE('',(#1061),#1063,.F.);
#261=ADVANCED_FACE('',(#1068,#1070),#1072,.F.);
#262=ADVANCED_FACE('',(#1077,#1079),#1081,.T.);
#263=ADVANCED_FACE('',(#1086),#1088,.F.);
#264=ADVANCED_FACE('',(#1093,#1095),#1097,.F.);
#265=ADVANCED_FACE('',(#1102,#1104),#1106,.T.);
#266=ADVANCED_FACE('',(#1111,#1113),#1115,.F.);
#267=ADVANCED_FACE('',(#1120),#1122,.F.);
#268=ADVANCED_FACE('',(#1127),#1129,.F.);
#269=ADVANCED_FACE('',(#1134),#1136,.F.);
#270=ADVANCED_FACE('',(#1141),#1143,.F.);
#271=ADVANCED_FACE('',(#1148,#1150,#1152,#1154,#1156,#1158,#1160,#1162,#1164,#1166,
#1168,#1170,#1172,#1174,#1176,#1178,#1180,#1182,#1184,#1186,#1188,#1190,#1192),#1194,
.F.);
#272=ADVANCED_FACE('',(#1199),#1201,.T.);
#273=ADVANCED_FACE('',(#1206),#1208,.T.);
#274=ADVANCED_FACE('',(#1213),#1215,.T.);
#275=ADVANCED_FACE('',(#1220),#1222,.T.);
#276=ADVANCED_FACE('',(#1227),#1229,.T.);
#277=ADVANCED_FACE('',(#1234),#1236,.T.);
#278=ADVANCED_FACE('',(#1241),#1243,.T.);
#279=ADVANCED_FACE('',(#1248),#1250,.T.);
#280=ADVANCED_FACE('',(#1255,#1257),#1259,.T.);
#281=ADVANCED_FACE('',(#1264,#1266),#1268,.T.);
#282=ADVANCED_FACE('',(#1273,#1275),#1277,.T.);
#283=ADVANCED_FACE('',(#1282,#1284),#1286,.T.);
#284=ADVANCED_FACE('',(#1291,#1293),#1295,.T.);
#285=ADVANCED_FACE('',(#1300,#1302),#1304,.T.);
#286=ADVANCED_FACE('',(#1309,#1311),#1313,.T.);
#287=ADVANCED_FACE('',(#1318,#1320),#1322,.T.);
#288=ADVANCED_FACE('',(#1327,#1329),#1331,.T.);
#289=ADVANCED_FACE('',(#1336,#1338),#1340,.T.);
#290=ADVANCED_FACE('',(#1345,#1347),#1349,.T.);
#291=ADVANCED_FACE('',(#1354,#1356),#1358,.F.);
#292=ADVANCED_FACE('',(#1363,#1365),#1367,.F.);
#293=ADVANCED_FACE('',(#1372,#1374),#1376,.F.);
#294=ADVANCED_FACE('',(#1381,#1383),#1385,.F.);
#295=ADVANCED_FACE('',(#1390,#1392),#1394,.F.);
#296=ADVANCED_FACE('',(#1399,#1401),#1403,.F.);
#297=ADVANCED_FACE('',(#1408,#1410),#1412,.F.);
#298=ADVANCED_FACE('',(#1417,#1419),#1421,.F.);
#299=ADVANCED_FACE('',(#1426,#1428),#1430,.F.);
#300=ADVANCED_FACE('',(#1435,#1437),#1439,.F.);
#301=ADVANCED_FACE('',(#1444,#1446),#1448,.T.);
#302=ADVANCED_FACE('',(#1453,#1455),#1457,.F.);
#303=ADVANCED_FACE('',(#1462,#1464),#1466,.F.);
#304=ADVANCED_FACE('',(#1471,#1473),#1475,.F.);
#305=ADVANCED_FACE('',(#1480,#1482),#1484,.F.);
#306=ADVANCED_FACE('',(#1489,#1491),#1493,.F.);
#307=ADVANCED_FACE('',(#1498,#1500),#1502,.F.);
#308=ADVANCED_FACE('',(#1507,#1509),#1511,.F.);
#309=ADVANCED_FACE('',(#1516,#1518),#1520,.F.);
#310=ADVANCED_FACE('',(#1525,#1527),#1529,.F.);
#311=ADVANCED_FACE('',(#1534,#1536),#1538,.F.);
#312=ADVANCED_FACE('',(#1543,#1545),#1547,.F.);
#313=ADVANCED_FACE('',(#1552,#1554),#1556,.F.);
#314=ADVANCED_FACE('',(#1561,#1563),#1565,.F.);
#315=ADVANCED_FACE('',(#1570,#1572),#1574,.F.);
#316=ADVANCED_FACE('',(#1579,#1581),#1583,.F.);
#317=ADVANCED_FACE('',(#1588,#1590),#1592,.F.);
#318=ADVANCED_FACE('',(#1597,#1599),#1601,.F.);
#319=ADVANCED_FACE('',(#1606,#1608),#1610,.T.);
#320=ADVANCED_FACE('',(#1615,#1617),#1619,.T.);
#321=ADVANCED_FACE('',(#1624,#1626),#1628,.T.);
#322=ADVANCED_FACE('',(#1633,#1635),#1637,.T.);
#323=ADVANCED_FACE('',(#1642,#1644),#1646,.T.);
#324=ADVANCED_FACE('',(#1651),#1653,.T.);
#325=ADVANCED_FACE('',(#1658),#1660,.T.);
#326=ADVANCED_FACE('',(#1665),#1667,.T.);
#327=ADVANCED_FACE('',(#1672),#1674,.T.);
#328=ADVANCED_FACE('',(#1679),#1681,.T.);
#329=ADVANCED_FACE('',(#1686),#1688,.T.);
#330=ADVANCED_FACE('',(#1693),#1695,.T.);
#331=ADVANCED_FACE('',(#1700),#1702,.T.);
#332=ADVANCED_FACE('',(#1707),#1709,.T.);
#333=ADVANCED_FACE('',(#1714),#1716,.T.);
#334=ADVANCED_FACE('',(#1721),#1723,.T.);
#335=ADVANCED_FACE('',(#1728),#1730,.T.);
#336=FACE_BOUND('',#337,.T.);
#337=EDGE_LOOP('',(#1735,#1736,#1737,#1738,#1739,#1740,#1741,#1742));
#338=FACE_BOUND('',#339,.T.);
#339=EDGE_LOOP('',(#1743,#1744,#1745,#1746));
#340=FACE_BOUND('',#341,.T.);
#341=EDGE_LOOP('',(#1747,#1748,#1749,#1750));
#342=FACE_BOUND('',#343,.T.);
#343=EDGE_LOOP('',(#1751,#1752,#1753,#1754));
#344=FACE_BOUND('',#345,.T.);
#345=EDGE_LOOP('',(#1755,#1756,#1757,#1758));
#346=FACE_BOUND('',#347,.T.);
#347=EDGE_LOOP('',(#1759,#1760,#1761,#1762));
#348=PLANE('',#349);
#349=AXIS2_PLACEMENT_3D('',#350,#351,#352);
#350=CARTESIAN_POINT('',(-33.,21.,1.));
#351=DIRECTION('',(-1.07657990266682E-16,-1.,0.));
#352=DIRECTION('',(1.,-1.07657990266682E-16,0.));
#353=FACE_BOUND('',#354,.T.);
#354=EDGE_LOOP('',(#1763,#1764,#1765,#1766));
#355=CYLINDRICAL_SURFACE('',#356,3.225);
#356=AXIS2_PLACEMENT_3D('',#357,#358,#359);
#357=CARTESIAN_POINT('',(32.915,23.9,6.8));
#358=DIRECTION('',(0.,0.,-1.));
#359=DIRECTION('',(-6.12323399573677E-17,1.,0.));
#360=FACE_BOUND('',#361,.T.);
#361=EDGE_LOOP('',(#1767,#1768,#1769));
#362=FACE_BOUND('',#363,.T.);
#363=EDGE_LOOP('',(#1770));
#364=PLANE('',#365);
#365=AXIS2_PLACEMENT_3D('',#366,#367,#368);
#366=CARTESIAN_POINT('',(0.,0.,6.8));
#367=DIRECTION('',(0.,0.,-1.));
#368=DIRECTION('',(-6.12323399573677E-17,1.,0.));
#369=FACE_BOUND('',#370,.T.);
#370=EDGE_LOOP('',(#1771,#1772,#1773,#1774,#1775,#1776,#1777,#1778,#1779,#1780,#1781,
#1782,#1783,#1784,#1785,#1786,#1787,#1788,#1789,#1790,#1791,#1792,#1793,#1794,#1795,
#1796,#1797,#1798,#1799,#1800,#1801,#1802));
#371=FACE_BOUND('',#372,.T.);
#372=EDGE_LOOP('',(#1803,#1804,#1805,#1806));
#373=PLANE('',#374);
#374=AXIS2_PLACEMENT_3D('',#375,#376,#377);
#375=CARTESIAN_POINT('',(33.,21.,1.));
#376=DIRECTION('',(-1.,0.,0.));
#377=DIRECTION('',(0.,-1.,0.));
#378=FACE_BOUND('',#379,.T.);
#379=EDGE_LOOP('',(#1807,#1808,#1809,#1810,#1811,#1812,#1813,#1814));
#380=FACE_BOUND('',#381,.T.);
#381=EDGE_LOOP('',(#1815,#1816,#1817,#1818));
#382=PLANE('',#383);
#383=AXIS2_PLACEMENT_3D('',#384,#385,#386);
#384=CARTESIAN_POINT('',(-33.,21.,51.));
#385=DIRECTION('',(0.,0.,1.));
#386=DIRECTION('',(0.,-1.,0.));
#387=FACE_BOUND('',#388,.T.);
#388=EDGE_LOOP('',(#1819,#1820,#1821,#1822,#1823,#1824,#1825,#1826,#1827,#1828,#1829,
#1830,#1831,#1832,#1833,#1834,#1835,#1836,#1837,#1838,#1839,#1840,#1841,#1842));
#389=FACE_BOUND('',#390,.T.);
#390=EDGE_LOOP('',(#1843,#1844,#1845,#1846));
#391=FACE_BOUND('',#392,.T.);
#392=EDGE_LOOP('',(#1847,#1848,#1849,#1850));
#393=PLANE('',#394);
#394=AXIS2_PLACEMENT_3D('',#395,#396,#397);
#395=CARTESIAN_POINT('',(-33.,-21.,1.));
#396=DIRECTION('',(1.,0.,0.));
#397=DIRECTION('',(0.,1.,0.));
#398=FACE_BOUND('',#399,.T.);
#399=EDGE_LOOP('',(#1851,#1852,#1853,#1854,#1855,#1856,#1857,#1858,#1859,#1860,#1861,
#1862,#1863,#1864,#1865,#1866,#1867,#1868,#1869,#1870,#1871,#1872,#1873,#1874,#1875,
#1876,#1877,#1878,#1879,#1880,#1881,#1882,#1883,#1884));
#400=PLANE('',#401);
#401=AXIS2_PLACEMENT_3D('',#402,#403,#404);
#402=CARTESIAN_POINT('',(0.,0.,1.));
#403=DIRECTION('',(0.,0.,1.));
#404=DIRECTION('',(-1.,1.22464679914735E-16,0.));
#405=FACE_BOUND('',#406,.T.);
#406=EDGE_LOOP('',(#1885,#1886,#1887));
#407=FACE_BOUND('',#408,.T.);
#408=EDGE_LOOP('',(#1888,#1889));
#409=PLANE('',#410);
#410=AXIS2_PLACEMENT_3D('',#411,#412,#413);
#411=CARTESIAN_POINT('',(0.,0.,4.8));
#412=DIRECTION('',(0.,0.,-1.));
#413=DIRECTION('',(-6.12323399573677E-17,1.,0.));
#414=FACE_BOUND('',#415,.T.);
#415=EDGE_LOOP('',(#1890,#1891,#1892,#1893));
#416=CYLINDRICAL_SURFACE('',#417,3.22499999999999);
#417=AXIS2_PLACEMENT_3D('',#418,#419,#420);
#418=CARTESIAN_POINT('',(24.945,23.9,6.8));
#419=DIRECTION('',(0.,0.,-1.));
#420=DIRECTION('',(-6.12323399573677E-17,1.,0.));
#421=FACE_BOUND('',#422,.T.);
#422=EDGE_LOOP('',(#1894,#1895));
#423=FACE_BOUND('',#424,.T.);
#424=EDGE_LOOP('',(#1896,#1897));
#425=PLANE('',#426);
#426=AXIS2_PLACEMENT_3D('',#427,#428,#429);
#427=CARTESIAN_POINT('',(0.,0.,4.8));
#428=DIRECTION('',(0.,0.,-1.));
#429=DIRECTION('',(-6.12323399573677E-17,1.,0.));
#430=FACE_BOUND('',#431,.T.);
#431=EDGE_LOOP('',(#1898,#1899));
#432=FACE_BOUND('',#433,.T.);
#433=EDGE_LOOP('',(#1900));
#434=PLANE('',#435);
#435=AXIS2_PLACEMENT_3D('',#436,#437,#438);
#436=CARTESIAN_POINT('',(0.,0.,6.8));
#437=DIRECTION('',(0.,0.,-1.));
#438=DIRECTION('',(-6.12323399573677E-17,1.,0.));
#439=FACE_BOUND('',#440,.T.);
#440=EDGE_LOOP('',(#1901,#1902,#1903,#1904));
#441=CYLINDRICAL_SURFACE('',#442,3.22499999999999);
#442=AXIS2_PLACEMENT_3D('',#443,#444,#445);
#443=CARTESIAN_POINT('',(16.975,23.9,6.8));
#444=DIRECTION('',(0.,0.,-1.));
#445=DIRECTION('',(-6.12323399573677E-17,1.,0.));
#446=FACE_BOUND('',#447,.T.);
#447=EDGE_LOOP('',(#1905,#1906));
#448=FACE_BOUND('',#449,.T.);
#449=EDGE_LOOP('',(#1907,#1908));
#450=PLANE('',#451);
#451=AXIS2_PLACEMENT_3D('',#452,#453,#454);
#452=CARTESIAN_POINT('',(0.,0.,4.8));
#453=DIRECTION('',(0.,0.,-1.));
#454=DIRECTION('',(-6.12323399573677E-17,1.,0.));
#455=FACE_BOUND('',#456,.T.);
#456=EDGE_LOOP('',(#1909,#1910));
#457=FACE_BOUND('',#458,.T.);
#458=EDGE_LOOP('',(#1911));
#459=PLANE('',#460);
#460=AXIS2_PLACEMENT_3D('',#461,#462,#463);
#461=CARTESIAN_POINT('',(0.,0.,6.8));
#462=DIRECTION('',(0.,0.,-1.));
#463=DIRECTION('',(-6.12323399573677E-17,1.,0.));
#464=FACE_BOUND('',#465,.T.);
#465=EDGE_LOOP('',(#1912,#1913,#1914,#1915));
#466=CYLINDRICAL_SURFACE('',#467,3.22499999999998);
#467=AXIS2_PLACEMENT_3D('',#468,#469,#470);
#468=CARTESIAN_POINT('',(-14.975,23.9,6.8));
#469=DIRECTION('',(0.,0.,-1.));
#470=DIRECTION('',(-6.12323399573677E-17,1.,0.));
#471=FACE_BOUND('',#472,.T.);
#472=EDGE_LOOP('',(#1916,#1917));
#473=FACE_BOUND('',#474,.T.);
#474=EDGE_LOOP('',(#1918,#1919));
#475=PLANE('',#476);
#476=AXIS2_PLACEMENT_3D('',#477,#478,#479);
#477=CARTESIAN_POINT('',(0.,0.,4.8));
#478=DIRECTION('',(0.,0.,-1.));
#479=DIRECTION('',(-6.12323399573677E-17,1.,0.));
#480=FACE_BOUND('',#481,.T.);
#481=EDGE_LOOP('',(#1920,#1921));
#482=FACE_BOUND('',#483,.T.);
#483=EDGE_LOOP('',(#1922));
#484=PLANE('',#485);
#485=AXIS2_PLACEMENT_3D('',#486,#487,#488);
#486=CARTESIAN_POINT('',(0.,0.,6.8));
#487=DIRECTION('',(0.,0.,-1.));
#488=DIRECTION('',(-6.12323399573677E-17,1.,0.));
#489=FACE_BOUND('',#490,.T.);
#490=EDGE_LOOP('',(#1923,#1924,#1925,#1926));
#491=CYLINDRICAL_SURFACE('',#492,3.22499999999998);
#492=AXIS2_PLACEMENT_3D('',#493,#494,#495);
#493=CARTESIAN_POINT('',(-22.945,23.9,6.8));
#494=DIRECTION('',(0.,0.,-1.));
#495=DIRECTION('',(-6.12323399573677E-17,1.,0.));
#496=FACE_BOUND('',#497,.T.);
#497=EDGE_LOOP('',(#1927,#1928));
#498=FACE_BOUND('',#499,.T.);
#499=EDGE_LOOP('',(#1929,#1930));
#500=PLANE('',#501);
#501=AXIS2_PLACEMENT_3D('',#502,#503,#504);
#502=CARTESIAN_POINT('',(0.,0.,4.8));
#503=DIRECTION('',(0.,0.,-1.));
#504=DIRECTION('',(-6.12323399573677E-17,1.,0.));
#505=FACE_BOUND('',#506,.T.);
#506=EDGE_LOOP('',(#1931,#1932));
#507=FACE_BOUND('',#508,.T.);
#508=EDGE_LOOP('',(#1933));
#509=PLANE('',#510);
#510=AXIS2_PLACEMENT_3D('',#511,#512,#513);
#511=CARTESIAN_POINT('',(0.,0.,6.8));
#512=DIRECTION('',(0.,0.,-1.));
#513=DIRECTION('',(-6.12323399573677E-17,1.,0.));
#514=FACE_BOUND('',#515,.T.);
#515=EDGE_LOOP('',(#1934,#1935,#1936,#1937));
#516=CYLINDRICAL_SURFACE('',#517,3.225);
#517=AXIS2_PLACEMENT_3D('',#518,#519,#520);
#518=CARTESIAN_POINT('',(-30.915,23.9,6.8));
#519=DIRECTION('',(0.,0.,-1.));
#520=DIRECTION('',(-6.12323399573677E-17,1.,0.));
#521=FACE_BOUND('',#522,.T.);
#522=EDGE_LOOP('',(#1938,#1939));
#523=FACE_BOUND('',#524,.T.);
#524=EDGE_LOOP('',(#1940,#1941));
#525=PLANE('',#526);
#526=AXIS2_PLACEMENT_3D('',#527,#528,#529);
#527=CARTESIAN_POINT('',(0.,0.,4.8));
#528=DIRECTION('',(0.,0.,-1.));
#529=DIRECTION('',(-6.12323399573677E-17,1.,0.));
#530=FACE_BOUND('',#531,.T.);
#531=EDGE_LOOP('',(#1942,#1943));
#532=FACE_BOUND('',#533,.T.);
#533=EDGE_LOOP('',(#1944));
#534=PLANE('',#535);
#535=AXIS2_PLACEMENT_3D('',#536,#537,#538);
#536=CARTESIAN_POINT('',(0.,0.,6.8));
#537=DIRECTION('',(0.,0.,-1.));
#538=DIRECTION('',(-6.12323399573677E-17,1.,0.));
#539=FACE_BOUND('',#540,.T.);
#540=EDGE_LOOP('',(#1945,#1946,#1947,#1948,#1949));
#541=FACE_OUTER_BOUND('',#542,.T.);
#542=EDGE_LOOP('',(#1950));
#543=CYLINDRICAL_SURFACE('',#544,2.425);
#544=AXIS2_PLACEMENT_3D('',#545,#546,#547);
#545=CARTESIAN_POINT('',(32.915,15.93,4.8));
#546=DIRECTION('',(0.,0.,-1.));
#547=DIRECTION('',(-6.12323399573677E-17,-1.,0.));
#548=FACE_BOUND('',#549,.T.);
#549=EDGE_LOOP('',(#1951,#1952));
#550=PLANE('',#551);
#551=AXIS2_PLACEMENT_3D('',#552,#553,#554);
#552=CARTESIAN_POINT('',(0.,0.,4.8));
#553=DIRECTION('',(0.,0.,-1.));
#554=DIRECTION('',(-6.12323399573677E-17,-1.,0.));
#555=FACE_BOUND('',#556,.T.);
#556=EDGE_LOOP('',(#1953,#1954,#1955,#1956,#1957));
#557=FACE_OUTER_BOUND('',#558,.T.);
#558=EDGE_LOOP('',(#1958));
#559=CYLINDRICAL_SURFACE('',#560,2.425);
#560=AXIS2_PLACEMENT_3D('',#561,#562,#563);
#561=CARTESIAN_POINT('',(32.915,7.95999999999999,4.8));
#562=DIRECTION('',(0.,0.,-1.));
#563=DIRECTION('',(-6.12323399573677E-17,-1.,0.));
#564=FACE_BOUND('',#565,.T.);
#565=EDGE_LOOP('',(#1959,#1960));
#566=PLANE('',#567);
#567=AXIS2_PLACEMENT_3D('',#568,#569,#570);
#568=CARTESIAN_POINT('',(0.,0.,4.8));
#569=DIRECTION('',(0.,0.,-1.));
#570=DIRECTION('',(-6.12323399573677E-17,-1.,0.));
#571=FACE_BOUND('',#572,.T.);
#572=EDGE_LOOP('',(#1961,#1962,#1963,#1964,#1965));
#573=FACE_OUTER_BOUND('',#574,.T.);
#574=EDGE_LOOP('',(#1966));
#575=CYLINDRICAL_SURFACE('',#576,2.425);
#576=AXIS2_PLACEMENT_3D('',#577,#578,#579);
#577=CARTESIAN_POINT('',(32.915,-0.0100000000000061,4.8));
#578=DIRECTION('',(0.,0.,-1.));
#579=DIRECTION('',(-6.12323399573677E-17,-1.,0.));
#580=FACE_BOUND('',#581,.T.);
#581=EDGE_LOOP('',(#1967,#1968));
#582=PLANE('',#583);
#583=AXIS2_PLACEMENT_3D('',#584,#585,#586);
#584=CARTESIAN_POINT('',(0.,0.,4.8));
#585=DIRECTION('',(0.,0.,-1.));
#586=DIRECTION('',(-6.12323399573677E-17,-1.,0.));
#587=FACE_BOUND('',#588,.T.);
#588=EDGE_LOOP('',(#1969,#1970,#1971,#1972,#1973));
#589=FACE_OUTER_BOUND('',#590,.T.);
#590=EDGE_LOOP('',(#1974));
#591=CYLINDRICAL_SURFACE('',#592,2.425);
#592=AXIS2_PLACEMENT_3D('',#593,#594,#595);
#593=CARTESIAN_POINT('',(32.915,-7.95999999999999,4.8));
#594=DIRECTION('',(0.,0.,-1.));
#595=DIRECTION('',(-6.12323399573677E-17,-1.,0.));
#596=FACE_BOUND('',#597,.T.);
#597=EDGE_LOOP('',(#1975,#1976));
#598=PLANE('',#599);
#599=AXIS2_PLACEMENT_3D('',#600,#601,#602);
#600=CARTESIAN_POINT('',(0.,0.,4.8));
#601=DIRECTION('',(0.,0.,-1.));
#602=DIRECTION('',(-6.12323399573677E-17,-1.,0.));
#603=FACE_BOUND('',#604,.T.);
#604=EDGE_LOOP('',(#1977,#1978,#1979,#1980,#1981));
#605=FACE_OUTER_BOUND('',#606,.T.);
#606=EDGE_LOOP('',(#1982));
#607=CYLINDRICAL_SURFACE('',#608,2.425);
#608=AXIS2_PLACEMENT_3D('',#609,#610,#611);
#609=CARTESIAN_POINT('',(32.915,-15.93,4.8));
#610=DIRECTION('',(0.,0.,-1.));
#611=DIRECTION('',(-6.12323399573677E-17,-1.,0.));
#612=FACE_BOUND('',#613,.T.);
#613=EDGE_LOOP('',(#1983,#1984));
#614=PLANE('',#615);
#615=AXIS2_PLACEMENT_3D('',#616,#617,#618);
#616=CARTESIAN_POINT('',(0.,0.,4.8));
#617=DIRECTION('',(0.,0.,-1.));
#618=DIRECTION('',(-6.12323399573677E-17,-1.,0.));
#619=FACE_BOUND('',#620,.T.);
#620=EDGE_LOOP('',(#1985,#1986,#1987,#1988,#1989,#1990,#1991,#1992));
#621=FACE_BOUND('',#622,.T.);
#622=EDGE_LOOP('',(#1993,#1994,#1995,#1996));
#623=FACE_BOUND('',#624,.T.);
#624=EDGE_LOOP('',(#1997,#1998,#1999,#2000));
#625=FACE_BOUND('',#626,.T.);
#626=EDGE_LOOP('',(#2001,#2002,#2003,#2004));
#627=FACE_BOUND('',#628,.T.);
#628=EDGE_LOOP('',(#2005,#2006,#2007,#2008));
#629=FACE_BOUND('',#630,.T.);
#630=EDGE_LOOP('',(#2009,#2010,#2011,#2012));
#631=PLANE('',#632);
#632=AXIS2_PLACEMENT_3D('',#633,#634,#635);
#633=CARTESIAN_POINT('',(33.,-21.,1.));
#634=DIRECTION('',(1.07657990266682E-16,1.,0.));
#635=DIRECTION('',(-1.,1.07657990266682E-16,0.));
#636=FACE_BOUND('',#637,.T.);
#637=EDGE_LOOP('',(#2013,#2014,#2015));
#638=FACE_BOUND('',#639,.T.);
#639=EDGE_LOOP('',(#2016,#2017));
#640=PLANE('',#641);
#641=AXIS2_PLACEMENT_3D('',#642,#643,#644);
#642=CARTESIAN_POINT('',(0.,0.,4.8));
#643=DIRECTION('',(0.,0.,-1.));
#644=DIRECTION('',(-6.12323399573677E-17,1.,0.));
#645=FACE_BOUND('',#646,.T.);
#646=EDGE_LOOP('',(#2018,#2019,#2020,#2021));
#647=CYLINDRICAL_SURFACE('',#648,3.22499999999999);
#648=AXIS2_PLACEMENT_3D('',#649,#650,#651);
#649=CARTESIAN_POINT('',(32.915,-23.9,6.8));
#650=DIRECTION('',(0.,0.,-1.));
#651=DIRECTION('',(-6.12323399573677E-17,1.,0.));
#652=FACE_BOUND('',#653,.T.);
#653=EDGE_LOOP('',(#2022,#2023,#2024));
#654=FACE_BOUND('',#655,.T.);
#655=EDGE_LOOP('',(#2025));
#656=PLANE('',#657);
#657=AXIS2_PLACEMENT_3D('',#658,#659,#660);
#658=CARTESIAN_POINT('',(0.,0.,6.8));
#659=DIRECTION('',(0.,0.,-1.));
#660=DIRECTION('',(-6.12323399573677E-17,1.,0.));
#661=FACE_BOUND('',#662,.T.);
#662=EDGE_LOOP('',(#2026,#2027,#2028,#2029));
#663=PLANE('',#664);
#664=AXIS2_PLACEMENT_3D('',#665,#666,#667);
#665=CARTESIAN_POINT('',(-34.,14.71,43.65));
#666=DIRECTION('',(0.,0.,1.));
#667=DIRECTION('',(-4.8303381084983E-16,-1.,0.));
#668=FACE_BOUND('',#669,.T.);
#669=EDGE_LOOP('',(#2030,#2031,#2032,#2033));
#670=PLANE('',#671);
#671=AXIS2_PLACEMENT_3D('',#672,#673,#674);
#672=CARTESIAN_POINT('',(-34.,-14.71,43.65));
#673=DIRECTION('',(-3.1347473636475E-16,-1.,-1.20840601319745E-16));
#674=DIRECTION('',(0.,1.20840601319745E-16,-1.));
#675=FACE_BOUND('',#676,.T.);
#676=EDGE_LOOP('',(#2034,#2035,#2036,#2037));
#677=PLANE('',#678);
#678=AXIS2_PLACEMENT_3D('',#679,#680,#681);
#679=CARTESIAN_POINT('',(-34.,-14.71,28.95));
#680=DIRECTION('',(0.,0.,-1.));
#681=DIRECTION('',(4.8303381084983E-16,1.,0.));
#682=FACE_BOUND('',#683,.T.);
#683=EDGE_LOOP('',(#2038,#2039,#2040,#2041));
#684=PLANE('',#685);
#685=AXIS2_PLACEMENT_3D('',#686,#687,#688);
#686=CARTESIAN_POINT('',(-34.,14.71,28.95));
#687=DIRECTION('',(3.1347473636475E-16,1.,1.20840601319745E-16));
#688=DIRECTION('',(0.,-1.20840601319745E-16,1.));
#689=FACE_BOUND('',#690,.T.);
#690=EDGE_LOOP('',(#2042,#2043,#2044,#2045));
#691=CYLINDRICAL_SURFACE('',#692,3.985);
#692=AXIS2_PLACEMENT_3D('',#693,#694,#695);
#693=CARTESIAN_POINT('',(-30.915,23.9,-19.94));
#694=DIRECTION('',(0.,0.,1.));
#695=DIRECTION('',(0.,1.,0.));
#696=FACE_BOUND('',#697,.T.);
#697=EDGE_LOOP('',(#2046,#2047,#2048,#2049));
#698=FACE_BOUND('',#699,.T.);
#699=EDGE_LOOP('',(#2050,#2051,#2052,#2053));
#700=FACE_BOUND('',#701,.T.);
#701=EDGE_LOOP('',(#2054,#2055,#2056,#2057));
#702=PLANE('',#703);
#703=AXIS2_PLACEMENT_3D('',#704,#705,#706);
#704=CARTESIAN_POINT('',(-34.9,23.9,51.));
#705=DIRECTION('',(-1.,0.,0.));
#706=DIRECTION('',(0.,-1.,0.));
#707=FACE_BOUND('',#708,.T.);
#708=EDGE_LOOP('',(#2058,#2059,#2060,#2061));
#709=CYLINDRICAL_SURFACE('',#710,3.985);
#710=AXIS2_PLACEMENT_3D('',#711,#712,#713);
#711=CARTESIAN_POINT('',(-30.915,-23.9,66.94));
#712=DIRECTION('',(0.,0.,-1.));
#713=DIRECTION('',(1.78304325159373E-15,-1.,0.));
#714=FACE_BOUND('',#715,.T.);
#715=EDGE_LOOP('',(#2062,#2063,#2064,#2065));
#716=PLANE('',#717);
#717=AXIS2_PLACEMENT_3D('',#718,#719,#720);
#718=CARTESIAN_POINT('',(36.9,-27.885,51.));
#719=DIRECTION('',(-1.0449157878825E-16,-1.,0.));
#720=DIRECTION('',(-1.,1.0449157878825E-16,0.));
#721=FACE_BOUND('',#722,.T.);
#722=EDGE_LOOP('',(#2066,#2067,#2068,#2069));
#723=CYLINDRICAL_SURFACE('',#724,3.985);
#724=AXIS2_PLACEMENT_3D('',#725,#726,#727);
#725=CARTESIAN_POINT('',(32.915,-23.9,-19.94));
#726=DIRECTION('',(0.,0.,1.));
#727=DIRECTION('',(0.,-1.,0.));
#728=FACE_BOUND('',#729,.T.);
#729=EDGE_LOOP('',(#2070,#2071,#2072,#2073));
#730=FACE_BOUND('',#731,.T.);
#731=EDGE_LOOP('',(#2074,#2075,#2076,#2077));
#732=PLANE('',#733);
#733=AXIS2_PLACEMENT_3D('',#734,#735,#736);
#734=CARTESIAN_POINT('',(36.9,-23.9,-4.));
#735=DIRECTION('',(-1.,2.97298215799205E-16,0.));
#736=DIRECTION('',(0.,0.,1.));
#737=FACE_BOUND('',#738,.T.);
#738=EDGE_LOOP('',(#2078,#2079,#2080,#2081));
#739=CYLINDRICAL_SURFACE('',#740,3.985);
#740=AXIS2_PLACEMENT_3D('',#741,#742,#743);
#741=CARTESIAN_POINT('',(32.915,23.9,66.94));
#742=DIRECTION('',(0.,0.,-1.));
#743=DIRECTION('',(-3.56608650318745E-15,1.,0.));
#744=FACE_BOUND('',#745,.T.);
#745=EDGE_LOOP('',(#2082,#2083,#2084,#2085));
#746=PLANE('',#747);
#747=AXIS2_PLACEMENT_3D('',#748,#749,#750);
#748=CARTESIAN_POINT('',(-34.9,27.885,51.));
#749=DIRECTION('',(1.0449157878825E-16,1.,0.));
#750=DIRECTION('',(1.,-1.0449157878825E-16,0.));
#751=FACE_BOUND('',#752,.T.);
#752=EDGE_LOOP('',(#2086,#2087,#2088,#2089,#2090));
#753=FACE_OUTER_BOUND('',#754,.T.);
#754=EDGE_LOOP('',(#2091));
#755=CYLINDRICAL_SURFACE('',#756,2.425);
#756=AXIS2_PLACEMENT_3D('',#757,#758,#759);
#757=CARTESIAN_POINT('',(-30.915,-0.00999999999999169,4.8));
#758=DIRECTION('',(0.,0.,-1.));
#759=DIRECTION('',(-6.12323399573677E-17,-1.,0.));
#760=FACE_BOUND('',#761,.T.);
#761=EDGE_LOOP('',(#2092,#2093,#2094,#2095,#2096));
#762=FACE_OUTER_BOUND('',#763,.T.);
#763=EDGE_LOOP('',(#2097));
#764=CYLINDRICAL_SURFACE('',#765,2.425);
#765=AXIS2_PLACEMENT_3D('',#766,#767,#768);
#766=CARTESIAN_POINT('',(-30.915,7.96000000000001,4.8));
#767=DIRECTION('',(0.,0.,-1.));
#768=DIRECTION('',(-6.12323399573677E-17,-1.,0.));
#769=FACE_BOUND('',#770,.T.);
#770=EDGE_LOOP('',(#2098,#2099));
#771=PLANE('',#772);
#772=AXIS2_PLACEMENT_3D('',#773,#774,#775);
#773=CARTESIAN_POINT('',(0.,0.,4.8));
#774=DIRECTION('',(0.,0.,-1.));
#775=DIRECTION('',(-6.12323399573677E-17,-1.,0.));
#776=FACE_BOUND('',#777,.T.);
#777=EDGE_LOOP('',(#2100,#2101,#2102,#2103,#2104));
#778=FACE_OUTER_BOUND('',#779,.T.);
#779=EDGE_LOOP('',(#2105));
#780=CYLINDRICAL_SURFACE('',#781,2.425);
#781=AXIS2_PLACEMENT_3D('',#782,#783,#784);
#782=CARTESIAN_POINT('',(-30.915,15.93,4.8));
#783=DIRECTION('',(0.,0.,-1.));
#784=DIRECTION('',(-6.12323399573677E-17,-1.,0.));
#785=FACE_BOUND('',#786,.T.);
#786=EDGE_LOOP('',(#2106,#2107));
#787=PLANE('',#788);
#788=AXIS2_PLACEMENT_3D('',#789,#790,#791);
#789=CARTESIAN_POINT('',(0.,0.,4.8));
#790=DIRECTION('',(0.,0.,-1.));
#791=DIRECTION('',(-6.12323399573677E-17,-1.,0.));
#792=FACE_BOUND('',#793,.T.);
#793=EDGE_LOOP('',(#2108,#2109,#2110,#2111,#2112));
#794=FACE_OUTER_BOUND('',#795,.T.);
#795=EDGE_LOOP('',(#2113));
#796=CYLINDRICAL_SURFACE('',#797,2.425);
#797=AXIS2_PLACEMENT_3D('',#798,#799,#800);
#798=CARTESIAN_POINT('',(-30.915,-15.93,4.8));
#799=DIRECTION('',(0.,0.,-1.));
#800=DIRECTION('',(-6.12323399573677E-17,-1.,0.));
#801=FACE_BOUND('',#802,.T.);
#802=EDGE_LOOP('',(#2114,#2115));
#803=PLANE('',#804);
#804=AXIS2_PLACEMENT_3D('',#805,#806,#807);
#805=CARTESIAN_POINT('',(0.,0.,4.8));
#806=DIRECTION('',(0.,0.,-1.));
#807=DIRECTION('',(-6.12323399573677E-17,-1.,0.));
#808=FACE_BOUND('',#809,.T.);
#809=EDGE_LOOP('',(#2116,#2117,#2118,#2119,#2120));
#810=FACE_OUTER_BOUND('',#811,.T.);
#811=EDGE_LOOP('',(#2121));
#812=CYLINDRICAL_SURFACE('',#813,2.425);
#813=AXIS2_PLACEMENT_3D('',#814,#815,#816);
#814=CARTESIAN_POINT('',(-30.915,-7.96,4.8));
#815=DIRECTION('',(0.,0.,-1.));
#816=DIRECTION('',(-6.12323399573677E-17,-1.,0.));
#817=FACE_BOUND('',#818,.T.);
#818=EDGE_LOOP('',(#2122,#2123));
#819=PLANE('',#820);
#820=AXIS2_PLACEMENT_3D('',#821,#822,#823);
#821=CARTESIAN_POINT('',(0.,0.,4.8));
#822=DIRECTION('',(0.,0.,-1.));
#823=DIRECTION('',(-6.12323399573677E-17,-1.,0.));
#824=FACE_BOUND('',#825,.T.);
#825=EDGE_LOOP('',(#2124,#2125));
#826=PLANE('',#827);
#827=AXIS2_PLACEMENT_3D('',#828,#829,#830);
#828=CARTESIAN_POINT('',(0.,0.,4.8));
#829=DIRECTION('',(0.,0.,-1.));
#830=DIRECTION('',(-6.12323399573677E-17,-1.,0.));
#831=FACE_BOUND('',#832,.T.);
#832=EDGE_LOOP('',(#2126,#2127,#2128,#2129));
#833=CYLINDRICAL_SURFACE('',#834,1.65);
#834=AXIS2_PLACEMENT_3D('',#835,#836,#837);
#835=CARTESIAN_POINT('',(34.,-2.825,20.35));
#836=DIRECTION('',(-1.,0.,0.));
#837=DIRECTION('',(0.,3.30377315624073E-16,-1.));
#838=FACE_BOUND('',#839,.T.);
#839=EDGE_LOOP('',(#2130,#2131,#2132,#2133));
#840=PLANE('',#841);
#841=AXIS2_PLACEMENT_3D('',#842,#843,#844);
#842=CARTESIAN_POINT('',(34.,-2.825,22.));
#843=DIRECTION('',(0.,-6.28798881203628E-16,1.));
#844=DIRECTION('',(0.,1.,6.28798881203628E-16));
#845=FACE_BOUND('',#846,.T.);
#846=EDGE_LOOP('',(#2134,#2135,#2136,#2137));
#847=CYLINDRICAL_SURFACE('',#848,1.65);
#848=AXIS2_PLACEMENT_3D('',#849,#850,#851);
#849=CARTESIAN_POINT('',(34.,2.825,20.35));
#850=DIRECTION('',(-1.,0.,0.));
#851=DIRECTION('',(0.,-5.99522291290777E-16,1.));
#852=FACE_BOUND('',#853,.T.);
#853=EDGE_LOOP('',(#2138,#2139,#2140,#2141));
#854=PLANE('',#855);
#855=AXIS2_PLACEMENT_3D('',#856,#857,#858);
#856=CARTESIAN_POINT('',(34.,2.825,18.7));
#857=DIRECTION('',(0.,0.,-1.));
#858=DIRECTION('',(0.,-1.,0.));
#859=FACE_BOUND('',#860,.T.);
#860=EDGE_LOOP('',(#2142,#2143,#2144,#2145));
#861=PLANE('',#862);
#862=AXIS2_PLACEMENT_3D('',#863,#864,#865);
#863=CARTESIAN_POINT('',(34.,-18.,31.));
#864=DIRECTION('',(0.,0.,1.));
#865=DIRECTION('',(0.,1.,0.));
#866=FACE_BOUND('',#867,.T.);
#867=EDGE_LOOP('',(#2146,#2147,#2148,#2149));
#868=PLANE('',#869);
#869=AXIS2_PLACEMENT_3D('',#870,#871,#872);
#870=CARTESIAN_POINT('',(34.,18.,31.));
#871=DIRECTION('',(0.,1.,5.9211894646675E-16));
#872=DIRECTION('',(0.,5.9211894646675E-16,-1.));
#873=FACE_BOUND('',#874,.T.);
#874=EDGE_LOOP('',(#2150,#2151,#2152,#2153));
#875=PLANE('',#876);
#876=AXIS2_PLACEMENT_3D('',#877,#878,#879);
#877=CARTESIAN_POINT('',(34.,18.,25.));
#878=DIRECTION('',(0.,0.,-1.));
#879=DIRECTION('',(0.,-1.,0.));
#880=FACE_BOUND('',#881,.T.);
#881=EDGE_LOOP('',(#2154,#2155,#2156,#2157));
#882=PLANE('',#883);
#883=AXIS2_PLACEMENT_3D('',#884,#885,#886);
#884=CARTESIAN_POINT('',(34.,-18.,25.));
#885=DIRECTION('',(0.,-1.,-5.9211894646675E-16));
#886=DIRECTION('',(0.,-5.9211894646675E-16,1.));
#887=FACE_BOUND('',#888,.T.);
#888=EDGE_LOOP('',(#2158,#2159));
#889=FACE_OUTER_BOUND('',#890,.T.);
#890=EDGE_LOOP('',(#2160));
#891=CYLINDRICAL_SURFACE('',#892,2.425);
#892=AXIS2_PLACEMENT_3D('',#893,#894,#895);
#893=CARTESIAN_POINT('',(32.915,23.9,4.8));
#894=DIRECTION('',(0.,0.,-1.));
#895=DIRECTION('',(-6.12323399573677E-17,-1.,0.));
#896=FACE_BOUND('',#897,.T.);
#897=EDGE_LOOP('',(#2161,#2162));
#898=FACE_OUTER_BOUND('',#899,.T.);
#899=EDGE_LOOP('',(#2163));
#900=CYLINDRICAL_SURFACE('',#901,2.425);
#901=AXIS2_PLACEMENT_3D('',#902,#903,#904);
#902=CARTESIAN_POINT('',(24.945,23.9,4.8));
#903=DIRECTION('',(0.,0.,-1.));
#904=DIRECTION('',(-6.12323399573677E-17,-1.,0.));
#905=FACE_BOUND('',#906,.T.);
#906=EDGE_LOOP('',(#2164,#2165));
#907=FACE_OUTER_BOUND('',#908,.T.);
#908=EDGE_LOOP('',(#2166));
#909=CYLINDRICAL_SURFACE('',#910,2.425);
#910=AXIS2_PLACEMENT_3D('',#911,#912,#913);
#911=CARTESIAN_POINT('',(16.975,23.9,4.8));
#912=DIRECTION('',(0.,0.,-1.));
#913=DIRECTION('',(-6.12323399573677E-17,-1.,0.));
#914=FACE_BOUND('',#915,.T.);
#915=EDGE_LOOP('',(#2167,#2168));
#916=FACE_OUTER_BOUND('',#917,.T.);
#917=EDGE_LOOP('',(#2169));
#918=CYLINDRICAL_SURFACE('',#919,2.425);
#919=AXIS2_PLACEMENT_3D('',#920,#921,#922);
#920=CARTESIAN_POINT('',(-14.975,23.9,4.8));
#921=DIRECTION('',(0.,0.,-1.));
#922=DIRECTION('',(-6.12323399573677E-17,-1.,0.));
#923=FACE_BOUND('',#924,.T.);
#924=EDGE_LOOP('',(#2170,#2171));
#925=FACE_OUTER_BOUND('',#926,.T.);
#926=EDGE_LOOP('',(#2172));
#927=CYLINDRICAL_SURFACE('',#928,2.425);
#928=AXIS2_PLACEMENT_3D('',#929,#930,#931);
#929=CARTESIAN_POINT('',(-22.945,23.9,4.8));
#930=DIRECTION('',(0.,0.,-1.));
#931=DIRECTION('',(-6.12323399573677E-17,-1.,0.));
#932=FACE_BOUND('',#933,.T.);
#933=EDGE_LOOP('',(#2173,#2174));
#934=FACE_OUTER_BOUND('',#935,.T.);
#935=EDGE_LOOP('',(#2175));
#936=CYLINDRICAL_SURFACE('',#937,2.425);
#937=AXIS2_PLACEMENT_3D('',#938,#939,#940);
#938=CARTESIAN_POINT('',(-30.915,23.9,4.8));
#939=DIRECTION('',(0.,0.,-1.));
#940=DIRECTION('',(-6.12323399573677E-17,-1.,0.));
#941=FACE_BOUND('',#942,.T.);
#942=EDGE_LOOP('',(#2176));
#943=FACE_BOUND('',#944,.T.);
#944=EDGE_LOOP('',(#2177));
#945=PLANE('',#946);
#946=AXIS2_PLACEMENT_3D('',#947,#948,#949);
#947=CARTESIAN_POINT('',(0.,0.,-3.1));
#948=DIRECTION('',(0.,0.,-1.));
#949=DIRECTION('',(-6.12323399573677E-17,-1.,0.));
#950=FACE_BOUND('',#951,.T.);
#951=EDGE_LOOP('',(#2178));
#952=FACE_BOUND('',#953,.T.);
#953=EDGE_LOOP('',(#2179));
#954=PLANE('',#955);
#955=AXIS2_PLACEMENT_3D('',#956,#957,#958);
#956=CARTESIAN_POINT('',(0.,0.,-3.1));
#957=DIRECTION('',(0.,0.,-1.));
#958=DIRECTION('',(-6.12323399573677E-17,-1.,0.));
#959=FACE_BOUND('',#960,.T.);
#960=EDGE_LOOP('',(#2180));
#961=FACE_BOUND('',#962,.T.);
#962=EDGE_LOOP('',(#2181));
#963=PLANE('',#964);
#964=AXIS2_PLACEMENT_3D('',#965,#966,#967);
#965=CARTESIAN_POINT('',(0.,0.,-3.1));
#966=DIRECTION('',(0.,0.,-1.));
#967=DIRECTION('',(-6.12323399573677E-17,-1.,0.));
#968=FACE_BOUND('',#969,.T.);
#969=EDGE_LOOP('',(#2182));
#970=FACE_BOUND('',#971,.T.);
#971=EDGE_LOOP('',(#2183));
#972=PLANE('',#973);
#973=AXIS2_PLACEMENT_3D('',#974,#975,#976);
#974=CARTESIAN_POINT('',(0.,0.,-3.1));
#975=DIRECTION('',(0.,0.,-1.));
#976=DIRECTION('',(-6.12323399573677E-17,-1.,0.));
#977=FACE_BOUND('',#978,.T.);
#978=EDGE_LOOP('',(#2184));
#979=FACE_BOUND('',#980,.T.);
#980=EDGE_LOOP('',(#2185));
#981=PLANE('',#982);
#982=AXIS2_PLACEMENT_3D('',#983,#984,#985);
#983=CARTESIAN_POINT('',(0.,0.,-3.1));
#984=DIRECTION('',(0.,0.,-1.));
#985=DIRECTION('',(-6.12323399573677E-17,-1.,0.));
#986=FACE_BOUND('',#987,.T.);
#987=EDGE_LOOP('',(#2186,#2187,#2188,#2189));
#988=CYLINDRICAL_SURFACE('',#989,3.22499999999999);
#989=AXIS2_PLACEMENT_3D('',#990,#991,#992);
#990=CARTESIAN_POINT('',(24.945,-23.9,6.8));
#991=DIRECTION('',(0.,0.,-1.));
#992=DIRECTION('',(-6.12323399573677E-17,1.,0.));
#993=FACE_BOUND('',#994,.T.);
#994=EDGE_LOOP('',(#2190,#2191));
#995=FACE_BOUND('',#996,.T.);
#996=EDGE_LOOP('',(#2192,#2193));
#997=PLANE('',#998);
#998=AXIS2_PLACEMENT_3D('',#999,#1000,#1001);
#999=CARTESIAN_POINT('',(0.,0.,4.8));
#1000=DIRECTION('',(0.,0.,-1.));
#1001=DIRECTION('',(-6.12323399573677E-17,1.,0.));
#1002=FACE_BOUND('',#1003,.T.);
#1003=EDGE_LOOP('',(#2194,#2195));
#1004=FACE_BOUND('',#1005,.T.);
#1005=EDGE_LOOP('',(#2196));
#1006=PLANE('',#1007);
#1007=AXIS2_PLACEMENT_3D('',#1008,#1009,#1010);
#1008=CARTESIAN_POINT('',(0.,0.,6.8));
#1009=DIRECTION('',(0.,0.,-1.));
#1010=DIRECTION('',(-6.12323399573677E-17,1.,0.));
#1011=FACE_BOUND('',#1012,.T.);
#1012=EDGE_LOOP('',(#2197,#2198,#2199,#2200));
#1013=CYLINDRICAL_SURFACE('',#1014,3.22499999999999);
#1014=AXIS2_PLACEMENT_3D('',#1015,#1016,#1017);
#1015=CARTESIAN_POINT('',(16.975,-23.9,6.8));
#1016=DIRECTION('',(0.,0.,-1.));
#1017=DIRECTION('',(-6.12323399573677E-17,1.,0.));
#1018=FACE_BOUND('',#1019,.T.);
#1019=EDGE_LOOP('',(#2201,#2202));
#1020=FACE_BOUND('',#1021,.T.);
#1021=EDGE_LOOP('',(#2203,#2204));
#1022=PLANE('',#1023);
#1023=AXIS2_PLACEMENT_3D('',#1024,#1025,#1026);
#1024=CARTESIAN_POINT('',(0.,0.,4.8));
#1025=DIRECTION('',(0.,0.,-1.));
#1026=DIRECTION('',(-6.12323399573677E-17,1.,0.));
#1027=FACE_BOUND('',#1028,.T.);
#1028=EDGE_LOOP('',(#2205,#2206));
#1029=FACE_BOUND('',#1030,.T.);
#1030=EDGE_LOOP('',(#2207));
#1031=PLANE('',#1032);
#1032=AXIS2_PLACEMENT_3D('',#1033,#1034,#1035);
#1033=CARTESIAN_POINT('',(0.,0.,6.8));
#1034=DIRECTION('',(0.,0.,-1.));
#1035=DIRECTION('',(-6.12323399573677E-17,1.,0.));
#1036=FACE_BOUND('',#1037,.T.);
#1037=EDGE_LOOP('',(#2208,#2209,#2210,#2211));
#1038=CYLINDRICAL_SURFACE('',#1039,3.225);
#1039=AXIS2_PLACEMENT_3D('',#1040,#1041,#1042);
#1040=CARTESIAN_POINT('',(-14.975,-23.9,6.8));
#1041=DIRECTION('',(0.,0.,-1.));
#1042=DIRECTION('',(-6.12323399573677E-17,1.,0.));
#1043=FACE_BOUND('',#1044,.T.);
#1044=EDGE_LOOP('',(#2212,#2213));
#1045=FACE_BOUND('',#1046,.T.);
#1046=EDGE_LOOP('',(#2214,#2215));
#1047=PLANE('',#1048);
#1048=AXIS2_PLACEMENT_3D('',#1049,#1050,#1051);
#1049=CARTESIAN_POINT('',(0.,0.,4.8));
#1050=DIRECTION('',(0.,0.,-1.));
#1051=DIRECTION('',(-6.12323399573677E-17,1.,0.));
#1052=FACE_BOUND('',#1053,.T.);
#1053=EDGE_LOOP('',(#2216,#2217));
#1054=FACE_BOUND('',#1055,.T.);
#1055=EDGE_LOOP('',(#2218));
#1056=PLANE('',#1057);
#1057=AXIS2_PLACEMENT_3D('',#1058,#1059,#1060);
#1058=CARTESIAN_POINT('',(0.,0.,6.8));
#1059=DIRECTION('',(0.,0.,-1.));
#1060=DIRECTION('',(-6.12323399573677E-17,1.,0.));
#1061=FACE_BOUND('',#1062,.T.);
#1062=EDGE_LOOP('',(#2219,#2220,#2221,#2222));
#1063=CYLINDRICAL_SURFACE('',#1064,3.22500000000001);
#1064=AXIS2_PLACEMENT_3D('',#1065,#1066,#1067);
#1065=CARTESIAN_POINT('',(-22.945,-23.9,6.8));
#1066=DIRECTION('',(0.,0.,-1.));
#1067=DIRECTION('',(-6.12323399573677E-17,1.,0.));
#1068=FACE_BOUND('',#1069,.T.);
#1069=EDGE_LOOP('',(#2223,#2224));
#1070=FACE_BOUND('',#1071,.T.);
#1071=EDGE_LOOP('',(#2225,#2226));
#1072=PLANE('',#1073);
#1073=AXIS2_PLACEMENT_3D('',#1074,#1075,#1076);
#1074=CARTESIAN_POINT('',(0.,0.,4.8));
#1075=DIRECTION('',(0.,0.,-1.));
#1076=DIRECTION('',(-6.12323399573677E-17,1.,0.));
#1077=FACE_BOUND('',#1078,.T.);
#1078=EDGE_LOOP('',(#2227,#2228));
#1079=FACE_BOUND('',#1080,.T.);
#1080=EDGE_LOOP('',(#2229));
#1081=PLANE('',#1082);
#1082=AXIS2_PLACEMENT_3D('',#1083,#1084,#1085);
#1083=CARTESIAN_POINT('',(0.,0.,6.8));
#1084=DIRECTION('',(0.,0.,-1.));
#1085=DIRECTION('',(-6.12323399573677E-17,1.,0.));
#1086=FACE_BOUND('',#1087,.T.);
#1087=EDGE_LOOP('',(#2230,#2231,#2232,#2233));
#1088=CYLINDRICAL_SURFACE('',#1089,3.22500000000001);
#1089=AXIS2_PLACEMENT_3D('',#1090,#1091,#1092);
#1090=CARTESIAN_POINT('',(-30.915,-23.9,6.8));
#1091=DIRECTION('',(0.,0.,-1.));
#1092=DIRECTION('',(-6.12323399573677E-17,1.,0.));
#1093=FACE_BOUND('',#1094,.T.);
#1094=EDGE_LOOP('',(#2234,#2235));
#1095=FACE_BOUND('',#1096,.T.);
#1096=EDGE_LOOP('',(#2236,#2237));
#1097=PLANE('',#1098);
#1098=AXIS2_PLACEMENT_3D('',#1099,#1100,#1101);
#1099=CARTESIAN_POINT('',(0.,0.,4.8));
#1100=DIRECTION('',(0.,0.,-1.));
#1101=DIRECTION('',(-6.12323399573677E-17,1.,0.));
#1102=FACE_BOUND('',#1103,.T.);
#1103=EDGE_LOOP('',(#2238,#2239));
#1104=FACE_BOUND('',#1105,.T.);
#1105=EDGE_LOOP('',(#2240));
#1106=PLANE('',#1107);
#1107=AXIS2_PLACEMENT_3D('',#1108,#1109,#1110);
#1108=CARTESIAN_POINT('',(0.,0.,6.8));
#1109=DIRECTION('',(0.,0.,-1.));
#1110=DIRECTION('',(-6.12323399573677E-17,1.,0.));
#1111=FACE_BOUND('',#1112,.T.);
#1112=EDGE_LOOP('',(#2241,#2242));
#1113=FACE_OUTER_BOUND('',#1114,.T.);
#1114=EDGE_LOOP('',(#2243));
#1115=CYLINDRICAL_SURFACE('',#1116,2.425);
#1116=AXIS2_PLACEMENT_3D('',#1117,#1118,#1119);
#1117=CARTESIAN_POINT('',(32.915,-23.9,4.8));
#1118=DIRECTION('',(0.,0.,-1.));
#1119=DIRECTION('',(-6.12323399573677E-17,-1.,0.));
#1120=FACE_BOUND('',#1121,.T.);
#1121=EDGE_LOOP('',(#2244,#2245,#2246,#2247));
#1122=PLANE('',#1123);
#1123=AXIS2_PLACEMENT_3D('',#1124,#1125,#1126);
#1124=CARTESIAN_POINT('',(36.9,-16.71,44.15));
#1125=DIRECTION('',(-0.707106781186548,3.00675994481633E-16,0.707106781186548));
#1126=DIRECTION('',(4.25220069275943E-16,1.,0.));
#1127=FACE_BOUND('',#1128,.T.);
#1128=EDGE_LOOP('',(#2248,#2249,#2250,#2251));
#1129=PLANE('',#1130);
#1130=AXIS2_PLACEMENT_3D('',#1131,#1132,#1133);
#1131=CARTESIAN_POINT('',(36.9,-15.21,26.95));
#1132=DIRECTION('',(-0.707106781186546,-0.707106781186549,-1.34339461705564E-16));
#1133=DIRECTION('',(0.,-1.89984688705909E-16,1.));
#1134=FACE_BOUND('',#1135,.T.);
#1135=EDGE_LOOP('',(#2252,#2253,#2254,#2255));
#1136=PLANE('',#1137);
#1137=AXIS2_PLACEMENT_3D('',#1138,#1139,#1140);
#1138=CARTESIAN_POINT('',(36.9,16.71,28.45));
#1139=DIRECTION('',(-0.707106781186545,3.00675994481631E-16,-0.70710678118655));
#1140=DIRECTION('',(-4.25220069275942E-16,-1.,3.33817412025576E-32));
#1141=FACE_BOUND('',#1142,.T.);
#1142=EDGE_LOOP('',(#2256,#2257,#2258,#2259));
#1143=PLANE('',#1144);
#1144=AXIS2_PLACEMENT_3D('',#1145,#1146,#1147);
#1145=CARTESIAN_POINT('',(36.9,15.21,45.65));
#1146=DIRECTION('',(-0.707106781186554,0.707106781186541,0.));
#1147=DIRECTION('',(0.,0.,-1.));
#1148=FACE_BOUND('',#1149,.T.);
#1149=EDGE_LOOP('',(#2260,#2261,#2262,#2263,#2264,#2265,#2266,#2267));
#1150=FACE_BOUND('',#1151,.T.);
#1151=EDGE_LOOP('',(#2268));
#1152=FACE_BOUND('',#1153,.T.);
#1153=EDGE_LOOP('',(#2269));
#1154=FACE_BOUND('',#1155,.T.);
#1155=EDGE_LOOP('',(#2270));
#1156=FACE_BOUND('',#1157,.T.);
#1157=EDGE_LOOP('',(#2271));
#1158=FACE_BOUND('',#1159,.T.);
#1159=EDGE_LOOP('',(#2272));
#1160=FACE_BOUND('',#1161,.T.);
#1161=EDGE_LOOP('',(#2273));
#1162=FACE_BOUND('',#1163,.T.);
#1163=EDGE_LOOP('',(#2274));
#1164=FACE_BOUND('',#1165,.T.);
#1165=EDGE_LOOP('',(#2275));
#1166=FACE_BOUND('',#1167,.T.);
#1167=EDGE_LOOP('',(#2276));
#1168=FACE_BOUND('',#1169,.T.);
#1169=EDGE_LOOP('',(#2277));
#1170=FACE_BOUND('',#1171,.T.);
#1171=EDGE_LOOP('',(#2278));
#1172=FACE_BOUND('',#1173,.T.);
#1173=EDGE_LOOP('',(#2279));
#1174=FACE_BOUND('',#1175,.T.);
#1175=EDGE_LOOP('',(#2280));
#1176=FACE_BOUND('',#1177,.T.);
#1177=EDGE_LOOP('',(#2281));
#1178=FACE_BOUND('',#1179,.T.);
#1179=EDGE_LOOP('',(#2282));
#1180=FACE_BOUND('',#1181,.T.);
#1181=EDGE_LOOP('',(#2283));
#1182=FACE_BOUND('',#1183,.T.);
#1183=EDGE_LOOP('',(#2284));
#1184=FACE_BOUND('',#1185,.T.);
#1185=EDGE_LOOP('',(#2285));
#1186=FACE_BOUND('',#1187,.T.);
#1187=EDGE_LOOP('',(#2286));
#1188=FACE_BOUND('',#1189,.T.);
#1189=EDGE_LOOP('',(#2287));
#1190=FACE_BOUND('',#1191,.T.);
#1191=EDGE_LOOP('',(#2288));
#1192=FACE_BOUND('',#1193,.T.);
#1193=EDGE_LOOP('',(#2289));
#1194=PLANE('',#1195);
#1195=AXIS2_PLACEMENT_3D('',#1196,#1197,#1198);
#1196=CARTESIAN_POINT('',(34.,-22.,-4.));
#1197=DIRECTION('',(0.,0.,1.));
#1198=DIRECTION('',(3.22973970800046E-16,1.,0.));
#1199=FACE_BOUND('',#1200,.T.);
#1200=EDGE_LOOP('',(#2290,#2291,#2292,#2293));
#1201=TOROIDAL_SURFACE('',#1202,2.15,0.5);
#1202=AXIS2_PLACEMENT_3D('',#1203,#1204,#1205);
#1203=CARTESIAN_POINT('',(-34.4,2.825,20.35));
#1204=DIRECTION('',(-1.,0.,0.));
#1205=DIRECTION('',(0.,-0.448526731154066,0.893769417378022));
#1206=FACE_BOUND('',#1207,.T.);
#1207=EDGE_LOOP('',(#2294,#2295,#2296,#2297));
#1208=CYLINDRICAL_SURFACE('',#1209,0.5);
#1209=AXIS2_PLACEMENT_3D('',#1210,#1211,#1212);
#1210=CARTESIAN_POINT('',(-34.4,-4.825,22.5));
#1211=DIRECTION('',(0.,1.,7.36313715813575E-16));
#1212=DIRECTION('',(0.,7.36313715813576E-16,-1.));
#1213=FACE_BOUND('',#1214,.T.);
#1214=EDGE_LOOP('',(#2298,#2299,#2300,#2301));
#1215=TOROIDAL_SURFACE('',#1216,2.15,0.5);
#1216=AXIS2_PLACEMENT_3D('',#1217,#1218,#1219);
#1217=CARTESIAN_POINT('',(-34.4,-2.825,20.35));
#1218=DIRECTION('',(-1.,0.,0.));
#1219=DIRECTION('',(0.,0.448526731154065,-0.893769417378022));
#1220=FACE_BOUND('',#1221,.T.);
#1221=EDGE_LOOP('',(#2302,#2303,#2304,#2305));
#1222=CYLINDRICAL_SURFACE('',#1223,0.5);
#1223=AXIS2_PLACEMENT_3D('',#1224,#1225,#1226);
#1224=CARTESIAN_POINT('',(-34.4,4.825,18.2));
#1225=DIRECTION('',(0.,-1.,0.));
#1226=DIRECTION('',(0.,0.,1.));
#1227=FACE_BOUND('',#1228,.T.);
#1228=EDGE_LOOP('',(#2306,#2307,#2308,#2309));
#1229=PLANE('',#1230);
#1230=AXIS2_PLACEMENT_3D('',#1231,#1232,#1233);
#1231=CARTESIAN_POINT('',(-34.9,20.,24.5));
#1232=DIRECTION('',(-0.707106781186553,0.,0.707106781186542));
#1233=DIRECTION('',(0.,-1.,0.));
#1234=FACE_BOUND('',#1235,.T.);
#1235=EDGE_LOOP('',(#2310,#2311,#2312,#2313));
#1236=PLANE('',#1237);
#1237=AXIS2_PLACEMENT_3D('',#1238,#1239,#1240);
#1238=CARTESIAN_POINT('',(-34.9,18.5,33.));
#1239=DIRECTION('',(-0.707106781186553,-0.707106781186542,-2.51214793389402E-16));
#1240=DIRECTION('',(2.7890444774737E-32,3.5527136788005E-16,-1.));
#1241=FACE_BOUND('',#1242,.T.);
#1242=EDGE_LOOP('',(#2314,#2315,#2316,#2317));
#1243=PLANE('',#1244);
#1244=AXIS2_PLACEMENT_3D('',#1245,#1246,#1247);
#1245=CARTESIAN_POINT('',(-34.9,-20.,31.5));
#1246=DIRECTION('',(-0.707106781186553,0.,-0.707106781186542));
#1247=DIRECTION('',(0.,1.,0.));
#1248=FACE_BOUND('',#1249,.T.);
#1249=EDGE_LOOP('',(#2318,#2319,#2320,#2321));
#1250=PLANE('',#1251);
#1251=AXIS2_PLACEMENT_3D('',#1252,#1253,#1254);
#1252=CARTESIAN_POINT('',(-34.9,-18.5,23.));
#1253=DIRECTION('',(-0.707106781186555,0.70710678118654,0.));
#1254=DIRECTION('',(0.,0.,1.));
#1255=FACE_BOUND('',#1256,.T.);
#1256=EDGE_LOOP('',(#2322));
#1257=FACE_BOUND('',#1258,.T.);
#1258=EDGE_LOOP('',(#2323));
#1259=PLANE('',#1260);
#1260=AXIS2_PLACEMENT_3D('',#1261,#1262,#1263);
#1261=CARTESIAN_POINT('',(0.,0.,-3.1));
#1262=DIRECTION('',(0.,0.,-1.));
#1263=DIRECTION('',(-6.12323399573677E-17,-1.,0.));
#1264=FACE_BOUND('',#1265,.T.);
#1265=EDGE_LOOP('',(#2324));
#1266=FACE_BOUND('',#1267,.T.);
#1267=EDGE_LOOP('',(#2325));
#1268=PLANE('',#1269);
#1269=AXIS2_PLACEMENT_3D('',#1270,#1271,#1272);
#1270=CARTESIAN_POINT('',(0.,0.,-3.1));
#1271=DIRECTION('',(0.,0.,-1.));
#1272=DIRECTION('',(-6.12323399573677E-17,-1.,0.));
#1273=FACE_BOUND('',#1274,.T.);
#1274=EDGE_LOOP('',(#2326));
#1275=FACE_BOUND('',#1276,.T.);
#1276=EDGE_LOOP('',(#2327));
#1277=PLANE('',#1278);
#1278=AXIS2_PLACEMENT_3D('',#1279,#1280,#1281);
#1279=CARTESIAN_POINT('',(0.,0.,-3.1));
#1280=DIRECTION('',(0.,0.,-1.));
#1281=DIRECTION('',(-6.12323399573677E-17,-1.,0.));
#1282=FACE_BOUND('',#1283,.T.);
#1283=EDGE_LOOP('',(#2328));
#1284=FACE_BOUND('',#1285,.T.);
#1285=EDGE_LOOP('',(#2329));
#1286=PLANE('',#1287);
#1287=AXIS2_PLACEMENT_3D('',#1288,#1289,#1290);
#1288=CARTESIAN_POINT('',(0.,0.,-3.1));
#1289=DIRECTION('',(0.,0.,-1.));
#1290=DIRECTION('',(-6.12323399573677E-17,-1.,0.));
#1291=FACE_BOUND('',#1292,.T.);
#1292=EDGE_LOOP('',(#2330));
#1293=FACE_BOUND('',#1294,.T.);
#1294=EDGE_LOOP('',(#2331));
#1295=PLANE('',#1296);
#1296=AXIS2_PLACEMENT_3D('',#1297,#1298,#1299);
#1297=CARTESIAN_POINT('',(0.,0.,-3.1));
#1298=DIRECTION('',(0.,0.,-1.));
#1299=DIRECTION('',(-6.12323399573677E-17,-1.,0.));
#1300=FACE_BOUND('',#1301,.T.);
#1301=EDGE_LOOP('',(#2332));
#1302=FACE_BOUND('',#1303,.T.);
#1303=EDGE_LOOP('',(#2333));
#1304=PLANE('',#1305);
#1305=AXIS2_PLACEMENT_3D('',#1306,#1307,#1308);
#1306=CARTESIAN_POINT('',(0.,0.,-3.1));
#1307=DIRECTION('',(0.,0.,-1.));
#1308=DIRECTION('',(-6.12323399573677E-17,-1.,0.));
#1309=FACE_BOUND('',#1310,.T.);
#1310=EDGE_LOOP('',(#2334));
#1311=FACE_BOUND('',#1312,.T.);
#1312=EDGE_LOOP('',(#2335));
#1313=PLANE('',#1314);
#1314=AXIS2_PLACEMENT_3D('',#1315,#1316,#1317);
#1315=CARTESIAN_POINT('',(0.,0.,-3.1));
#1316=DIRECTION('',(0.,0.,-1.));
#1317=DIRECTION('',(-6.12323399573677E-17,-1.,0.));
#1318=FACE_BOUND('',#1319,.T.);
#1319=EDGE_LOOP('',(#2336));
#1320=FACE_BOUND('',#1321,.T.);
#1321=EDGE_LOOP('',(#2337));
#1322=PLANE('',#1323);
#1323=AXIS2_PLACEMENT_3D('',#1324,#1325,#1326);
#1324=CARTESIAN_POINT('',(0.,0.,-3.1));
#1325=DIRECTION('',(0.,0.,-1.));
#1326=DIRECTION('',(-6.12323399573677E-17,-1.,0.));
#1327=FACE_BOUND('',#1328,.T.);
#1328=EDGE_LOOP('',(#2338));
#1329=FACE_BOUND('',#1330,.T.);
#1330=EDGE_LOOP('',(#2339));
#1331=PLANE('',#1332);
#1332=AXIS2_PLACEMENT_3D('',#1333,#1334,#1335);
#1333=CARTESIAN_POINT('',(0.,0.,-3.1));
#1334=DIRECTION('',(0.,0.,-1.));
#1335=DIRECTION('',(-6.12323399573677E-17,-1.,0.));
#1336=FACE_BOUND('',#1337,.T.);
#1337=EDGE_LOOP('',(#2340));
#1338=FACE_BOUND('',#1339,.T.);
#1339=EDGE_LOOP('',(#2341));
#1340=PLANE('',#1341);
#1341=AXIS2_PLACEMENT_3D('',#1342,#1343,#1344);
#1342=CARTESIAN_POINT('',(0.,0.,-3.1));
#1343=DIRECTION('',(0.,0.,-1.));
#1344=DIRECTION('',(-6.12323399573677E-17,-1.,0.));
#1345=FACE_BOUND('',#1346,.T.);
#1346=EDGE_LOOP('',(#2342));
#1347=FACE_BOUND('',#1348,.T.);
#1348=EDGE_LOOP('',(#2343));
#1349=PLANE('',#1350);
#1350=AXIS2_PLACEMENT_3D('',#1351,#1352,#1353);
#1351=CARTESIAN_POINT('',(0.,0.,-3.1));
#1352=DIRECTION('',(0.,0.,-1.));
#1353=DIRECTION('',(-6.12323399573677E-17,-1.,0.));
#1354=FACE_OUTER_BOUND('',#1355,.T.);
#1355=EDGE_LOOP('',(#2344));
#1356=FACE_OUTER_BOUND('',#1357,.T.);
#1357=EDGE_LOOP('',(#2345));
#1358=CYLINDRICAL_SURFACE('',#1359,3.25);
#1359=AXIS2_PLACEMENT_3D('',#1360,#1361,#1362);
#1360=CARTESIAN_POINT('',(32.915,15.93,-3.1));
#1361=DIRECTION('',(0.,0.,-1.));
#1362=DIRECTION('',(-6.12323399573677E-17,-1.,0.));
#1363=FACE_OUTER_BOUND('',#1364,.T.);
#1364=EDGE_LOOP('',(#2346));
#1365=FACE_OUTER_BOUND('',#1366,.T.);
#1366=EDGE_LOOP('',(#2347));
#1367=CYLINDRICAL_SURFACE('',#1368,3.25);
#1368=AXIS2_PLACEMENT_3D('',#1369,#1370,#1371);
#1369=CARTESIAN_POINT('',(32.915,7.96,-3.1));
#1370=DIRECTION('',(0.,0.,-1.));
#1371=DIRECTION('',(-6.12323399573677E-17,-1.,0.));
#1372=FACE_OUTER_BOUND('',#1373,.T.);
#1373=EDGE_LOOP('',(#2348));
#1374=FACE_OUTER_BOUND('',#1375,.T.);
#1375=EDGE_LOOP('',(#2349));
#1376=CYLINDRICAL_SURFACE('',#1377,3.25);
#1377=AXIS2_PLACEMENT_3D('',#1378,#1379,#1380);
#1378=CARTESIAN_POINT('',(32.915,-8.64075542097397E-15,-3.1));
#1379=DIRECTION('',(0.,0.,-1.));
#1380=DIRECTION('',(-6.12323399573677E-17,-1.,0.));
#1381=FACE_OUTER_BOUND('',#1382,.T.);
#1382=EDGE_LOOP('',(#2350));
#1383=FACE_OUTER_BOUND('',#1384,.T.);
#1384=EDGE_LOOP('',(#2351));
#1385=CYLINDRICAL_SURFACE('',#1386,3.25);
#1386=AXIS2_PLACEMENT_3D('',#1387,#1388,#1389);
#1387=CARTESIAN_POINT('',(32.915,-7.98,-3.1));
#1388=DIRECTION('',(0.,0.,-1.));
#1389=DIRECTION('',(-6.12323399573677E-17,-1.,0.));
#1390=FACE_OUTER_BOUND('',#1391,.T.);
#1391=EDGE_LOOP('',(#2352));
#1392=FACE_OUTER_BOUND('',#1393,.T.);
#1393=EDGE_LOOP('',(#2353));
#1394=CYLINDRICAL_SURFACE('',#1395,3.25);
#1395=AXIS2_PLACEMENT_3D('',#1396,#1397,#1398);
#1396=CARTESIAN_POINT('',(32.915,-15.95,-3.1));
#1397=DIRECTION('',(0.,0.,-1.));
#1398=DIRECTION('',(-6.12323399573677E-17,-1.,0.));
#1399=FACE_BOUND('',#1400,.T.);
#1400=EDGE_LOOP('',(#2354,#2355));
#1401=FACE_OUTER_BOUND('',#1402,.T.);
#1402=EDGE_LOOP('',(#2356));
#1403=CYLINDRICAL_SURFACE('',#1404,2.425);
#1404=AXIS2_PLACEMENT_3D('',#1405,#1406,#1407);
#1405=CARTESIAN_POINT('',(24.945,-23.9,4.8));
#1406=DIRECTION('',(0.,0.,-1.));
#1407=DIRECTION('',(-6.12323399573677E-17,-1.,0.));
#1408=FACE_BOUND('',#1409,.T.);
#1409=EDGE_LOOP('',(#2357,#2358));
#1410=FACE_OUTER_BOUND('',#1411,.T.);
#1411=EDGE_LOOP('',(#2359));
#1412=CYLINDRICAL_SURFACE('',#1413,2.425);
#1413=AXIS2_PLACEMENT_3D('',#1414,#1415,#1416);
#1414=CARTESIAN_POINT('',(16.975,-23.9,4.8));
#1415=DIRECTION('',(0.,0.,-1.));
#1416=DIRECTION('',(-6.12323399573677E-17,-1.,0.));
#1417=FACE_BOUND('',#1418,.T.);
#1418=EDGE_LOOP('',(#2360,#2361));
#1419=FACE_OUTER_BOUND('',#1420,.T.);
#1420=EDGE_LOOP('',(#2362));
#1421=CYLINDRICAL_SURFACE('',#1422,2.425);
#1422=AXIS2_PLACEMENT_3D('',#1423,#1424,#1425);
#1423=CARTESIAN_POINT('',(-14.975,-23.9,4.8));
#1424=DIRECTION('',(0.,0.,-1.));
#1425=DIRECTION('',(-6.12323399573677E-17,-1.,0.));
#1426=FACE_BOUND('',#1427,.T.);
#1427=EDGE_LOOP('',(#2363,#2364));
#1428=FACE_OUTER_BOUND('',#1429,.T.);
#1429=EDGE_LOOP('',(#2365));
#1430=CYLINDRICAL_SURFACE('',#1431,2.425);
#1431=AXIS2_PLACEMENT_3D('',#1432,#1433,#1434);
#1432=CARTESIAN_POINT('',(-22.945,-23.9,4.8));
#1433=DIRECTION('',(0.,0.,-1.));
#1434=DIRECTION('',(-6.12323399573677E-17,-1.,0.));
#1435=FACE_BOUND('',#1436,.T.);
#1436=EDGE_LOOP('',(#2366,#2367));
#1437=FACE_OUTER_BOUND('',#1438,.T.);
#1438=EDGE_LOOP('',(#2368));
#1439=CYLINDRICAL_SURFACE('',#1440,2.425);
#1440=AXIS2_PLACEMENT_3D('',#1441,#1442,#1443);
#1441=CARTESIAN_POINT('',(-30.915,-23.9,4.8));
#1442=DIRECTION('',(0.,0.,-1.));
#1443=DIRECTION('',(-6.12323399573677E-17,-1.,0.));
#1444=FACE_BOUND('',#1445,.T.);
#1445=EDGE_LOOP('',(#2369));
#1446=FACE_BOUND('',#1447,.T.);
#1447=EDGE_LOOP('',(#2370));
#1448=PLANE('',#1449);
#1449=AXIS2_PLACEMENT_3D('',#1450,#1451,#1452);
#1450=CARTESIAN_POINT('',(0.,0.,-3.1));
#1451=DIRECTION('',(0.,0.,-1.));
#1452=DIRECTION('',(-6.12323399573677E-17,-1.,0.));
#1453=FACE_OUTER_BOUND('',#1454,.T.);
#1454=EDGE_LOOP('',(#2371));
#1455=FACE_OUTER_BOUND('',#1456,.T.);
#1456=EDGE_LOOP('',(#2372));
#1457=CYLINDRICAL_SURFACE('',#1458,3.25);
#1458=AXIS2_PLACEMENT_3D('',#1459,#1460,#1461);
#1459=CARTESIAN_POINT('',(-30.845,23.9,-3.1));
#1460=DIRECTION('',(0.,0.,-1.));
#1461=DIRECTION('',(-6.12323399573677E-17,-1.,0.));
#1462=FACE_OUTER_BOUND('',#1463,.T.);
#1463=EDGE_LOOP('',(#2373));
#1464=FACE_OUTER_BOUND('',#1465,.T.);
#1465=EDGE_LOOP('',(#2374));
#1466=CYLINDRICAL_SURFACE('',#1467,3.25);
#1467=AXIS2_PLACEMENT_3D('',#1468,#1469,#1470);
#1468=CARTESIAN_POINT('',(-22.875,23.9,-3.1));
#1469=DIRECTION('',(0.,0.,-1.));
#1470=DIRECTION('',(-6.12323399573677E-17,-1.,0.));
#1471=FACE_OUTER_BOUND('',#1472,.T.);
#1472=EDGE_LOOP('',(#2375));
#1473=FACE_OUTER_BOUND('',#1474,.T.);
#1474=EDGE_LOOP('',(#2376));
#1475=CYLINDRICAL_SURFACE('',#1476,3.25);
#1476=AXIS2_PLACEMENT_3D('',#1477,#1478,#1479);
#1477=CARTESIAN_POINT('',(-14.905,23.9,-3.1));
#1478=DIRECTION('',(0.,0.,-1.));
#1479=DIRECTION('',(-6.12323399573677E-17,-1.,0.));
#1480=FACE_OUTER_BOUND('',#1481,.T.);
#1481=EDGE_LOOP('',(#2377));
#1482=FACE_OUTER_BOUND('',#1483,.T.);
#1483=EDGE_LOOP('',(#2378));
#1484=CYLINDRICAL_SURFACE('',#1485,3.25);
#1485=AXIS2_PLACEMENT_3D('',#1486,#1487,#1488);
#1486=CARTESIAN_POINT('',(-30.845,-23.92,-3.1));
#1487=DIRECTION('',(0.,0.,-1.));
#1488=DIRECTION('',(-6.12323399573677E-17,-1.,0.));
#1489=FACE_OUTER_BOUND('',#1490,.T.);
#1490=EDGE_LOOP('',(#2379));
#1491=FACE_OUTER_BOUND('',#1492,.T.);
#1492=EDGE_LOOP('',(#2380));
#1493=CYLINDRICAL_SURFACE('',#1494,3.25);
#1494=AXIS2_PLACEMENT_3D('',#1495,#1496,#1497);
#1495=CARTESIAN_POINT('',(-22.875,-23.92,-3.1));
#1496=DIRECTION('',(0.,0.,-1.));
#1497=DIRECTION('',(-6.12323399573677E-17,-1.,0.));
#1498=FACE_OUTER_BOUND('',#1499,.T.);
#1499=EDGE_LOOP('',(#2381));
#1500=FACE_OUTER_BOUND('',#1501,.T.);
#1501=EDGE_LOOP('',(#2382));
#1502=CYLINDRICAL_SURFACE('',#1503,3.25);
#1503=AXIS2_PLACEMENT_3D('',#1504,#1505,#1506);
#1504=CARTESIAN_POINT('',(-14.905,-23.92,-3.1));
#1505=DIRECTION('',(0.,0.,-1.));
#1506=DIRECTION('',(-6.12323399573677E-17,-1.,0.));
#1507=FACE_OUTER_BOUND('',#1508,.T.);
#1508=EDGE_LOOP('',(#2383));
#1509=FACE_OUTER_BOUND('',#1510,.T.);
#1510=EDGE_LOOP('',(#2384));
#1511=CYLINDRICAL_SURFACE('',#1512,3.25);
#1512=AXIS2_PLACEMENT_3D('',#1513,#1514,#1515);
#1513=CARTESIAN_POINT('',(32.915,23.9,-3.1));
#1514=DIRECTION('',(0.,0.,-1.));
#1515=DIRECTION('',(-6.12323399573677E-17,-1.,0.));
#1516=FACE_OUTER_BOUND('',#1517,.T.);
#1517=EDGE_LOOP('',(#2385));
#1518=FACE_OUTER_BOUND('',#1519,.T.);
#1519=EDGE_LOOP('',(#2386));
#1520=CYLINDRICAL_SURFACE('',#1521,3.25);
#1521=AXIS2_PLACEMENT_3D('',#1522,#1523,#1524);
#1522=CARTESIAN_POINT('',(24.945,23.9,-3.1));
#1523=DIRECTION('',(0.,0.,-1.));
#1524=DIRECTION('',(-6.12323399573677E-17,-1.,0.));
#1525=FACE_OUTER_BOUND('',#1526,.T.);
#1526=EDGE_LOOP('',(#2387));
#1527=FACE_OUTER_BOUND('',#1528,.T.);
#1528=EDGE_LOOP('',(#2388));
#1529=CYLINDRICAL_SURFACE('',#1530,3.25);
#1530=AXIS2_PLACEMENT_3D('',#1531,#1532,#1533);
#1531=CARTESIAN_POINT('',(16.975,23.9,-3.1));
#1532=DIRECTION('',(0.,0.,-1.));
#1533=DIRECTION('',(-6.12323399573677E-17,-1.,0.));
#1534=FACE_OUTER_BOUND('',#1535,.T.);
#1535=EDGE_LOOP('',(#2389));
#1536=FACE_OUTER_BOUND('',#1537,.T.);
#1537=EDGE_LOOP('',(#2390));
#1538=CYLINDRICAL_SURFACE('',#1539,3.25);
#1539=AXIS2_PLACEMENT_3D('',#1540,#1541,#1542);
#1540=CARTESIAN_POINT('',(32.915,-23.92,-3.1));
#1541=DIRECTION('',(0.,0.,-1.));
#1542=DIRECTION('',(-6.12323399573677E-17,-1.,0.));
#1543=FACE_OUTER_BOUND('',#1544,.T.);
#1544=EDGE_LOOP('',(#2391));
#1545=FACE_OUTER_BOUND('',#1546,.T.);
#1546=EDGE_LOOP('',(#2392));
#1547=CYLINDRICAL_SURFACE('',#1548,3.25);
#1548=AXIS2_PLACEMENT_3D('',#1549,#1550,#1551);
#1549=CARTESIAN_POINT('',(24.945,-23.92,-3.1));
#1550=DIRECTION('',(0.,0.,-1.));
#1551=DIRECTION('',(-6.12323399573677E-17,-1.,0.));
#1552=FACE_OUTER_BOUND('',#1553,.T.);
#1553=EDGE_LOOP('',(#2393));
#1554=FACE_OUTER_BOUND('',#1555,.T.);
#1555=EDGE_LOOP('',(#2394));
#1556=CYLINDRICAL_SURFACE('',#1557,3.25);
#1557=AXIS2_PLACEMENT_3D('',#1558,#1559,#1560);
#1558=CARTESIAN_POINT('',(16.975,-23.92,-3.1));
#1559=DIRECTION('',(0.,0.,-1.));
#1560=DIRECTION('',(-6.12323399573677E-17,-1.,0.));
#1561=FACE_OUTER_BOUND('',#1562,.T.);
#1562=EDGE_LOOP('',(#2395));
#1563=FACE_OUTER_BOUND('',#1564,.T.);
#1564=EDGE_LOOP('',(#2396));
#1565=CYLINDRICAL_SURFACE('',#1566,3.25);
#1566=AXIS2_PLACEMENT_3D('',#1567,#1568,#1569);
#1567=CARTESIAN_POINT('',(-30.845,7.49554093947791E-15,-3.1));
#1568=DIRECTION('',(0.,0.,-1.));
#1569=DIRECTION('',(-6.12323399573677E-17,-1.,0.));
#1570=FACE_OUTER_BOUND('',#1571,.T.);
#1571=EDGE_LOOP('',(#2397));
#1572=FACE_OUTER_BOUND('',#1573,.T.);
#1573=EDGE_LOOP('',(#2398));
#1574=CYLINDRICAL_SURFACE('',#1575,3.25);
#1575=AXIS2_PLACEMENT_3D('',#1576,#1577,#1578);
#1576=CARTESIAN_POINT('',(-30.845,15.93,-3.1));
#1577=DIRECTION('',(0.,0.,-1.));
#1578=DIRECTION('',(-6.12323399573677E-17,-1.,0.));
#1579=FACE_OUTER_BOUND('',#1580,.T.);
#1580=EDGE_LOOP('',(#2399));
#1581=FACE_OUTER_BOUND('',#1582,.T.);
#1582=EDGE_LOOP('',(#2400));
#1583=CYLINDRICAL_SURFACE('',#1584,3.25);
#1584=AXIS2_PLACEMENT_3D('',#1585,#1586,#1587);
#1585=CARTESIAN_POINT('',(-30.845,-15.95,-3.1));
#1586=DIRECTION('',(0.,0.,-1.));
#1587=DIRECTION('',(-6.12323399573677E-17,-1.,0.));
#1588=FACE_OUTER_BOUND('',#1589,.T.);
#1589=EDGE_LOOP('',(#2401));
#1590=FACE_OUTER_BOUND('',#1591,.T.);
#1591=EDGE_LOOP('',(#2402));
#1592=CYLINDRICAL_SURFACE('',#1593,3.25);
#1593=AXIS2_PLACEMENT_3D('',#1594,#1595,#1596);
#1594=CARTESIAN_POINT('',(-30.845,7.96000000000001,-3.1));
#1595=DIRECTION('',(0.,0.,-1.));
#1596=DIRECTION('',(-6.12323399573677E-17,-1.,0.));
#1597=FACE_OUTER_BOUND('',#1598,.T.);
#1598=EDGE_LOOP('',(#2403));
#1599=FACE_OUTER_BOUND('',#1600,.T.);
#1600=EDGE_LOOP('',(#2404));
#1601=CYLINDRICAL_SURFACE('',#1602,3.25);
#1602=AXIS2_PLACEMENT_3D('',#1603,#1604,#1605);
#1603=CARTESIAN_POINT('',(-30.845,-7.97999999999999,-3.1));
#1604=DIRECTION('',(0.,0.,-1.));
#1605=DIRECTION('',(-6.12323399573677E-17,-1.,0.));
#1606=FACE_BOUND('',#1607,.T.);
#1607=EDGE_LOOP('',(#2405));
#1608=FACE_BOUND('',#1609,.T.);
#1609=EDGE_LOOP('',(#2406));
#1610=PLANE('',#1611);
#1611=AXIS2_PLACEMENT_3D('',#1612,#1613,#1614);
#1612=CARTESIAN_POINT('',(0.,0.,-3.1));
#1613=DIRECTION('',(0.,0.,-1.));
#1614=DIRECTION('',(-6.12323399573677E-17,-1.,0.));
#1615=FACE_BOUND('',#1616,.T.);
#1616=EDGE_LOOP('',(#2407));
#1617=FACE_BOUND('',#1618,.T.);
#1618=EDGE_LOOP('',(#2408));
#1619=PLANE('',#1620);
#1620=AXIS2_PLACEMENT_3D('',#1621,#1622,#1623);
#1621=CARTESIAN_POINT('',(0.,0.,-3.1));
#1622=DIRECTION('',(0.,0.,-1.));
#1623=DIRECTION('',(-6.12323399573677E-17,-1.,0.));
#1624=FACE_BOUND('',#1625,.T.);
#1625=EDGE_LOOP('',(#2409));
#1626=FACE_BOUND('',#1627,.T.);
#1627=EDGE_LOOP('',(#2410));
#1628=PLANE('',#1629);
#1629=AXIS2_PLACEMENT_3D('',#1630,#1631,#1632);
#1630=CARTESIAN_POINT('',(0.,0.,-3.1));
#1631=DIRECTION('',(0.,0.,-1.));
#1632=DIRECTION('',(-6.12323399573677E-17,-1.,0.));
#1633=FACE_BOUND('',#1634,.T.);
#1634=EDGE_LOOP('',(#2411));
#1635=FACE_BOUND('',#1636,.T.);
#1636=EDGE_LOOP('',(#2412));
#1637=PLANE('',#1638);
#1638=AXIS2_PLACEMENT_3D('',#1639,#1640,#1641);
#1639=CARTESIAN_POINT('',(0.,0.,-3.1));
#1640=DIRECTION('',(0.,0.,-1.));
#1641=DIRECTION('',(-6.12323399573677E-17,-1.,0.));
#1642=FACE_BOUND('',#1643,.T.);
#1643=EDGE_LOOP('',(#2413));
#1644=FACE_BOUND('',#1645,.T.);
#1645=EDGE_LOOP('',(#2414));
#1646=PLANE('',#1647);
#1647=AXIS2_PLACEMENT_3D('',#1648,#1649,#1650);
#1648=CARTESIAN_POINT('',(0.,0.,-3.1));
#1649=DIRECTION('',(0.,0.,-1.));
#1650=DIRECTION('',(-6.12323399573677E-17,-1.,0.));
#1651=FACE_BOUND('',#1652,.T.);
#1652=EDGE_LOOP('',(#2415));
#1653=PLANE('',#1654);
#1654=AXIS2_PLACEMENT_3D('',#1655,#1656,#1657);
#1655=CARTESIAN_POINT('',(0.,0.,4.8));
#1656=DIRECTION('',(0.,0.,-1.));
#1657=DIRECTION('',(-6.12323399573677E-17,-1.,0.));
#1658=FACE_BOUND('',#1659,.T.);
#1659=EDGE_LOOP('',(#2416));
#1660=PLANE('',#1661);
#1661=AXIS2_PLACEMENT_3D('',#1662,#1663,#1664);
#1662=CARTESIAN_POINT('',(0.,0.,4.8));
#1663=DIRECTION('',(0.,0.,-1.));
#1664=DIRECTION('',(-6.12323399573677E-17,-1.,0.));
#1665=FACE_BOUND('',#1666,.T.);
#1666=EDGE_LOOP('',(#2417));
#1667=PLANE('',#1668);
#1668=AXIS2_PLACEMENT_3D('',#1669,#1670,#1671);
#1669=CARTESIAN_POINT('',(0.,0.,4.8));
#1670=DIRECTION('',(0.,0.,-1.));
#1671=DIRECTION('',(-6.12323399573677E-17,-1.,0.));
#1672=FACE_BOUND('',#1673,.T.);
#1673=EDGE_LOOP('',(#2418));
#1674=PLANE('',#1675);
#1675=AXIS2_PLACEMENT_3D('',#1676,#1677,#1678);
#1676=CARTESIAN_POINT('',(0.,0.,4.8));
#1677=DIRECTION('',(0.,0.,-1.));
#1678=DIRECTION('',(-6.12323399573677E-17,-1.,0.));
#1679=FACE_BOUND('',#1680,.T.);
#1680=EDGE_LOOP('',(#2419));
#1681=PLANE('',#1682);
#1682=AXIS2_PLACEMENT_3D('',#1683,#1684,#1685);
#1683=CARTESIAN_POINT('',(0.,0.,4.8));
#1684=DIRECTION('',(0.,0.,-1.));
#1685=DIRECTION('',(-6.12323399573677E-17,-1.,0.));
#1686=FACE_BOUND('',#1687,.T.);
#1687=EDGE_LOOP('',(#2420));
#1688=PLANE('',#1689);
#1689=AXIS2_PLACEMENT_3D('',#1690,#1691,#1692);
#1690=CARTESIAN_POINT('',(0.,0.,4.8));
#1691=DIRECTION('',(0.,0.,-1.));
#1692=DIRECTION('',(-6.12323399573677E-17,-1.,0.));
#1693=FACE_BOUND('',#1694,.T.);
#1694=EDGE_LOOP('',(#2421));
#1695=PLANE('',#1696);
#1696=AXIS2_PLACEMENT_3D('',#1697,#1698,#1699);
#1697=CARTESIAN_POINT('',(0.,0.,4.8));
#1698=DIRECTION('',(0.,0.,-1.));
#1699=DIRECTION('',(-6.12323399573677E-17,-1.,0.));
#1700=FACE_BOUND('',#1701,.T.);
#1701=EDGE_LOOP('',(#2422));
#1702=PLANE('',#1703);
#1703=AXIS2_PLACEMENT_3D('',#1704,#1705,#1706);
#1704=CARTESIAN_POINT('',(0.,0.,4.8));
#1705=DIRECTION('',(0.,0.,-1.));
#1706=DIRECTION('',(-6.12323399573677E-17,-1.,0.));
#1707=FACE_BOUND('',#1708,.T.);
#1708=EDGE_LOOP('',(#2423));
#1709=PLANE('',#1710);
#1710=AXIS2_PLACEMENT_3D('',#1711,#1712,#1713);
#1711=CARTESIAN_POINT('',(0.,0.,4.8));
#1712=DIRECTION('',(0.,0.,-1.));
#1713=DIRECTION('',(-6.12323399573677E-17,-1.,0.));
#1714=FACE_BOUND('',#1715,.T.);
#1715=EDGE_LOOP('',(#2424));
#1716=PLANE('',#1717);
#1717=AXIS2_PLACEMENT_3D('',#1718,#1719,#1720);
#1718=CARTESIAN_POINT('',(0.,0.,4.8));
#1719=DIRECTION('',(0.,0.,-1.));
#1720=DIRECTION('',(-6.12323399573677E-17,-1.,0.));
#1721=FACE_BOUND('',#1722,.T.);
#1722=EDGE_LOOP('',(#2425));
#1723=PLANE('',#1724);
#1724=AXIS2_PLACEMENT_3D('',#1725,#1726,#1727);
#1725=CARTESIAN_POINT('',(0.,0.,4.8));
#1726=DIRECTION('',(0.,0.,-1.));
#1727=DIRECTION('',(-6.12323399573677E-17,-1.,0.));
#1728=FACE_BOUND('',#1729,.T.);
#1729=EDGE_LOOP('',(#2426));
#1730=PLANE('',#1731);
#1731=AXIS2_PLACEMENT_3D('',#1732,#1733,#1734);
#1732=CARTESIAN_POINT('',(0.,0.,4.8));
#1733=DIRECTION('',(0.,0.,-1.));
#1734=DIRECTION('',(-6.12323399573677E-17,-1.,0.));
#1735=ORIENTED_EDGE('',*,*,#2427,.T.);
#1736=ORIENTED_EDGE('',*,*,#2428,.T.);
#1737=ORIENTED_EDGE('',*,*,#2429,.T.);
#1738=ORIENTED_EDGE('',*,*,#2430,.F.);
#1739=ORIENTED_EDGE('',*,*,#2431,.F.);
#1740=ORIENTED_EDGE('',*,*,#2432,.F.);
#1741=ORIENTED_EDGE('',*,*,#2433,.T.);
#1742=ORIENTED_EDGE('',*,*,#2434,.T.);
#1743=ORIENTED_EDGE('',*,*,#2435,.T.);
#1744=ORIENTED_EDGE('',*,*,#2436,.T.);
#1745=ORIENTED_EDGE('',*,*,#2437,.T.);
#1746=ORIENTED_EDGE('',*,*,#2438,.T.);
#1747=ORIENTED_EDGE('',*,*,#2439,.T.);
#1748=ORIENTED_EDGE('',*,*,#2440,.T.);
#1749=ORIENTED_EDGE('',*,*,#2441,.T.);
#1750=ORIENTED_EDGE('',*,*,#2442,.T.);
#1751=ORIENTED_EDGE('',*,*,#2443,.T.);
#1752=ORIENTED_EDGE('',*,*,#2444,.T.);
#1753=ORIENTED_EDGE('',*,*,#2445,.T.);
#1754=ORIENTED_EDGE('',*,*,#2446,.T.);
#1755=ORIENTED_EDGE('',*,*,#2447,.T.);
#1756=ORIENTED_EDGE('',*,*,#2448,.T.);
#1757=ORIENTED_EDGE('',*,*,#2449,.T.);
#1758=ORIENTED_EDGE('',*,*,#2450,.T.);
#1759=ORIENTED_EDGE('',*,*,#2451,.T.);
#1760=ORIENTED_EDGE('',*,*,#2452,.T.);
#1761=ORIENTED_EDGE('',*,*,#2453,.T.);
#1762=ORIENTED_EDGE('',*,*,#2454,.T.);
#1763=ORIENTED_EDGE('',*,*,#2455,.F.);
#1764=ORIENTED_EDGE('',*,*,#2456,.F.);
#1765=ORIENTED_EDGE('',*,*,#2427,.F.);
#1766=ORIENTED_EDGE('',*,*,#2457,.T.);
#1767=ORIENTED_EDGE('',*,*,#2458,.F.);
#1768=ORIENTED_EDGE('',*,*,#2428,.F.);
#1769=ORIENTED_EDGE('',*,*,#2456,.T.);
#1770=ORIENTED_EDGE('',*,*,#2459,.T.);
#1771=ORIENTED_EDGE('',*,*,#2455,.T.);
#1772=ORIENTED_EDGE('',*,*,#2460,.T.);
#1773=ORIENTED_EDGE('',*,*,#2433,.F.);
#1774=ORIENTED_EDGE('',*,*,#2461,.F.);
#1775=ORIENTED_EDGE('',*,*,#2462,.T.);
#1776=ORIENTED_EDGE('',*,*,#2463,.T.);
#1777=ORIENTED_EDGE('',*,*,#2464,.T.);
#1778=ORIENTED_EDGE('',*,*,#2465,.F.);
#1779=ORIENTED_EDGE('',*,*,#2466,.T.);
#1780=ORIENTED_EDGE('',*,*,#2467,.T.);
#1781=ORIENTED_EDGE('',*,*,#2468,.T.);
#1782=ORIENTED_EDGE('',*,*,#2469,.F.);
#1783=ORIENTED_EDGE('',*,*,#2470,.T.);
#1784=ORIENTED_EDGE('',*,*,#2471,.T.);
#1785=ORIENTED_EDGE('',*,*,#2472,.T.);
#1786=ORIENTED_EDGE('',*,*,#2473,.F.);
#1787=ORIENTED_EDGE('',*,*,#2474,.T.);
#1788=ORIENTED_EDGE('',*,*,#2475,.T.);
#1789=ORIENTED_EDGE('',*,*,#2476,.T.);
#1790=ORIENTED_EDGE('',*,*,#2477,.F.);
#1791=ORIENTED_EDGE('',*,*,#2478,.T.);
#1792=ORIENTED_EDGE('',*,*,#2479,.T.);
#1793=ORIENTED_EDGE('',*,*,#2480,.T.);
#1794=ORIENTED_EDGE('',*,*,#2481,.F.);
#1795=ORIENTED_EDGE('',*,*,#2482,.T.);
#1796=ORIENTED_EDGE('',*,*,#2483,.T.);
#1797=ORIENTED_EDGE('',*,*,#2484,.T.);
#1798=ORIENTED_EDGE('',*,*,#2485,.T.);
#1799=ORIENTED_EDGE('',*,*,#2486,.T.);
#1800=ORIENTED_EDGE('',*,*,#2487,.F.);
#1801=ORIENTED_EDGE('',*,*,#2429,.F.);
#1802=ORIENTED_EDGE('',*,*,#2458,.T.);
#1803=ORIENTED_EDGE('',*,*,#2488,.T.);
#1804=ORIENTED_EDGE('',*,*,#2489,.T.);
#1805=ORIENTED_EDGE('',*,*,#2490,.T.);
#1806=ORIENTED_EDGE('',*,*,#2491,.T.);
#1807=ORIENTED_EDGE('',*,*,#2492,.F.);
#1808=ORIENTED_EDGE('',*,*,#2493,.F.);
#1809=ORIENTED_EDGE('',*,*,#2494,.F.);
#1810=ORIENTED_EDGE('',*,*,#2495,.F.);
#1811=ORIENTED_EDGE('',*,*,#2496,.F.);
#1812=ORIENTED_EDGE('',*,*,#2497,.T.);
#1813=ORIENTED_EDGE('',*,*,#2498,.F.);
#1814=ORIENTED_EDGE('',*,*,#2499,.F.);
#1815=ORIENTED_EDGE('',*,*,#2430,.T.);
#1816=ORIENTED_EDGE('',*,*,#2487,.T.);
#1817=ORIENTED_EDGE('',*,*,#2500,.T.);
#1818=ORIENTED_EDGE('',*,*,#2501,.T.);
#1819=ORIENTED_EDGE('',*,*,#2502,.T.);
#1820=ORIENTED_EDGE('',*,*,#2503,.F.);
#1821=ORIENTED_EDGE('',*,*,#2504,.T.);
#1822=ORIENTED_EDGE('',*,*,#2505,.T.);
#1823=ORIENTED_EDGE('',*,*,#2506,.T.);
#1824=ORIENTED_EDGE('',*,*,#2507,.F.);
#1825=ORIENTED_EDGE('',*,*,#2508,.T.);
#1826=ORIENTED_EDGE('',*,*,#2509,.T.);
#1827=ORIENTED_EDGE('',*,*,#2510,.T.);
#1828=ORIENTED_EDGE('',*,*,#2511,.F.);
#1829=ORIENTED_EDGE('',*,*,#2431,.T.);
#1830=ORIENTED_EDGE('',*,*,#2501,.F.);
#1831=ORIENTED_EDGE('',*,*,#2512,.F.);
#1832=ORIENTED_EDGE('',*,*,#2513,.F.);
#1833=ORIENTED_EDGE('',*,*,#2514,.T.);
#1834=ORIENTED_EDGE('',*,*,#2515,.T.);
#1835=ORIENTED_EDGE('',*,*,#2516,.T.);
#1836=ORIENTED_EDGE('',*,*,#2517,.F.);
#1837=ORIENTED_EDGE('',*,*,#2518,.T.);
#1838=ORIENTED_EDGE('',*,*,#2519,.T.);
#1839=ORIENTED_EDGE('',*,*,#2520,.T.);
#1840=ORIENTED_EDGE('',*,*,#2521,.F.);
#1841=ORIENTED_EDGE('',*,*,#2522,.T.);
#1842=ORIENTED_EDGE('',*,*,#2523,.T.);
#1843=ORIENTED_EDGE('',*,*,#2524,.T.);
#1844=ORIENTED_EDGE('',*,*,#2525,.T.);
#1845=ORIENTED_EDGE('',*,*,#2526,.T.);
#1846=ORIENTED_EDGE('',*,*,#2527,.T.);
#1847=ORIENTED_EDGE('',*,*,#2528,.T.);
#1848=ORIENTED_EDGE('',*,*,#2529,.T.);
#1849=ORIENTED_EDGE('',*,*,#2530,.T.);
#1850=ORIENTED_EDGE('',*,*,#2531,.T.);
#1851=ORIENTED_EDGE('',*,*,#2532,.T.);
#1852=ORIENTED_EDGE('',*,*,#2521,.T.);
#1853=ORIENTED_EDGE('',*,*,#2533,.T.);
#1854=ORIENTED_EDGE('',*,*,#2534,.T.);
#1855=ORIENTED_EDGE('',*,*,#2517,.T.);
#1856=ORIENTED_EDGE('',*,*,#2535,.T.);
#1857=ORIENTED_EDGE('',*,*,#2536,.T.);
#1858=ORIENTED_EDGE('',*,*,#2513,.T.);
#1859=ORIENTED_EDGE('',*,*,#2537,.T.);
#1860=ORIENTED_EDGE('',*,*,#2481,.T.);
#1861=ORIENTED_EDGE('',*,*,#2538,.T.);
#1862=ORIENTED_EDGE('',*,*,#2539,.T.);
#1863=ORIENTED_EDGE('',*,*,#2477,.T.);
#1864=ORIENTED_EDGE('',*,*,#2540,.T.);
#1865=ORIENTED_EDGE('',*,*,#2541,.T.);
#1866=ORIENTED_EDGE('',*,*,#2473,.T.);
#1867=ORIENTED_EDGE('',*,*,#2542,.T.);
#1868=ORIENTED_EDGE('',*,*,#2543,.T.);
#1869=ORIENTED_EDGE('',*,*,#2469,.T.);
#1870=ORIENTED_EDGE('',*,*,#2544,.T.);
#1871=ORIENTED_EDGE('',*,*,#2545,.T.);
#1872=ORIENTED_EDGE('',*,*,#2465,.T.);
#1873=ORIENTED_EDGE('',*,*,#2546,.T.);
#1874=ORIENTED_EDGE('',*,*,#2547,.T.);
#1875=ORIENTED_EDGE('',*,*,#2461,.T.);
#1876=ORIENTED_EDGE('',*,*,#2432,.T.);
#1877=ORIENTED_EDGE('',*,*,#2511,.T.);
#1878=ORIENTED_EDGE('',*,*,#2548,.T.);
#1879=ORIENTED_EDGE('',*,*,#2549,.T.);
#1880=ORIENTED_EDGE('',*,*,#2507,.T.);
#1881=ORIENTED_EDGE('',*,*,#2550,.T.);
#1882=ORIENTED_EDGE('',*,*,#2551,.T.);
#1883=ORIENTED_EDGE('',*,*,#2503,.T.);
#1884=ORIENTED_EDGE('',*,*,#2552,.T.);
#1885=ORIENTED_EDGE('',*,*,#2460,.F.);
#1886=ORIENTED_EDGE('',*,*,#2457,.F.);
#1887=ORIENTED_EDGE('',*,*,#2434,.F.);
#1888=ORIENTED_EDGE('',*,*,#2553,.F.);
#1889=ORIENTED_EDGE('',*,*,#2554,.F.);
#1890=ORIENTED_EDGE('',*,*,#2435,.F.);
#1891=ORIENTED_EDGE('',*,*,#2555,.F.);
#1892=ORIENTED_EDGE('',*,*,#2437,.F.);
#1893=ORIENTED_EDGE('',*,*,#2556,.T.);
#1894=ORIENTED_EDGE('',*,*,#2436,.F.);
#1895=ORIENTED_EDGE('',*,*,#2556,.F.);
#1896=ORIENTED_EDGE('',*,*,#2557,.F.);
#1897=ORIENTED_EDGE('',*,*,#2558,.F.);
#1898=ORIENTED_EDGE('',*,*,#2438,.F.);
#1899=ORIENTED_EDGE('',*,*,#2555,.T.);
#1900=ORIENTED_EDGE('',*,*,#2559,.T.);
#1901=ORIENTED_EDGE('',*,*,#2439,.F.);
#1902=ORIENTED_EDGE('',*,*,#2560,.F.);
#1903=ORIENTED_EDGE('',*,*,#2441,.F.);
#1904=ORIENTED_EDGE('',*,*,#2561,.T.);
#1905=ORIENTED_EDGE('',*,*,#2440,.F.);
#1906=ORIENTED_EDGE('',*,*,#2561,.F.);
#1907=ORIENTED_EDGE('',*,*,#2562,.F.);
#1908=ORIENTED_EDGE('',*,*,#2563,.F.);
#1909=ORIENTED_EDGE('',*,*,#2442,.F.);
#1910=ORIENTED_EDGE('',*,*,#2560,.T.);
#1911=ORIENTED_EDGE('',*,*,#2564,.T.);
#1912=ORIENTED_EDGE('',*,*,#2443,.F.);
#1913=ORIENTED_EDGE('',*,*,#2565,.F.);
#1914=ORIENTED_EDGE('',*,*,#2445,.F.);
#1915=ORIENTED_EDGE('',*,*,#2566,.T.);
#1916=ORIENTED_EDGE('',*,*,#2444,.F.);
#1917=ORIENTED_EDGE('',*,*,#2566,.F.);
#1918=ORIENTED_EDGE('',*,*,#2567,.F.);
#1919=ORIENTED_EDGE('',*,*,#2568,.F.);
#1920=ORIENTED_EDGE('',*,*,#2446,.F.);
#1921=ORIENTED_EDGE('',*,*,#2565,.T.);
#1922=ORIENTED_EDGE('',*,*,#2569,.T.);
#1923=ORIENTED_EDGE('',*,*,#2447,.F.);
#1924=ORIENTED_EDGE('',*,*,#2570,.F.);
#1925=ORIENTED_EDGE('',*,*,#2449,.F.);
#1926=ORIENTED_EDGE('',*,*,#2571,.T.);
#1927=ORIENTED_EDGE('',*,*,#2448,.F.);
#1928=ORIENTED_EDGE('',*,*,#2571,.F.);
#1929=ORIENTED_EDGE('',*,*,#2572,.F.);
#1930=ORIENTED_EDGE('',*,*,#2573,.F.);
#1931=ORIENTED_EDGE('',*,*,#2450,.F.);
#1932=ORIENTED_EDGE('',*,*,#2570,.T.);
#1933=ORIENTED_EDGE('',*,*,#2574,.T.);
#1934=ORIENTED_EDGE('',*,*,#2451,.F.);
#1935=ORIENTED_EDGE('',*,*,#2575,.F.);
#1936=ORIENTED_EDGE('',*,*,#2453,.F.);
#1937=ORIENTED_EDGE('',*,*,#2576,.T.);
#1938=ORIENTED_EDGE('',*,*,#2452,.F.);
#1939=ORIENTED_EDGE('',*,*,#2576,.F.);
#1940=ORIENTED_EDGE('',*,*,#2577,.F.);
#1941=ORIENTED_EDGE('',*,*,#2578,.F.);
#1942=ORIENTED_EDGE('',*,*,#2454,.F.);
#1943=ORIENTED_EDGE('',*,*,#2575,.T.);
#1944=ORIENTED_EDGE('',*,*,#2579,.T.);
#1945=ORIENTED_EDGE('',*,*,#2462,.F.);
#1946=ORIENTED_EDGE('',*,*,#2547,.F.);
#1947=ORIENTED_EDGE('',*,*,#2546,.F.);
#1948=ORIENTED_EDGE('',*,*,#2464,.F.);
#1949=ORIENTED_EDGE('',*,*,#2580,.F.);
#1950=ORIENTED_EDGE('',*,*,#2581,.F.);
#1951=ORIENTED_EDGE('',*,*,#2463,.F.);
#1952=ORIENTED_EDGE('',*,*,#2580,.T.);
#1953=ORIENTED_EDGE('',*,*,#2466,.F.);
#1954=ORIENTED_EDGE('',*,*,#2545,.F.);
#1955=ORIENTED_EDGE('',*,*,#2544,.F.);
#1956=ORIENTED_EDGE('',*,*,#2468,.F.);
#1957=ORIENTED_EDGE('',*,*,#2582,.F.);
#1958=ORIENTED_EDGE('',*,*,#2583,.F.);
#1959=ORIENTED_EDGE('',*,*,#2467,.F.);
#1960=ORIENTED_EDGE('',*,*,#2582,.T.);
#1961=ORIENTED_EDGE('',*,*,#2470,.F.);
#1962=ORIENTED_EDGE('',*,*,#2543,.F.);
#1963=ORIENTED_EDGE('',*,*,#2542,.F.);
#1964=ORIENTED_EDGE('',*,*,#2472,.F.);
#1965=ORIENTED_EDGE('',*,*,#2584,.F.);
#1966=ORIENTED_EDGE('',*,*,#2585,.F.);
#1967=ORIENTED_EDGE('',*,*,#2471,.F.);
#1968=ORIENTED_EDGE('',*,*,#2584,.T.);
#1969=ORIENTED_EDGE('',*,*,#2474,.F.);
#1970=ORIENTED_EDGE('',*,*,#2541,.F.);
#1971=ORIENTED_EDGE('',*,*,#2540,.F.);
#1972=ORIENTED_EDGE('',*,*,#2476,.F.);
#1973=ORIENTED_EDGE('',*,*,#2586,.F.);
#1974=ORIENTED_EDGE('',*,*,#2587,.F.);
#1975=ORIENTED_EDGE('',*,*,#2475,.F.);
#1976=ORIENTED_EDGE('',*,*,#2586,.T.);
#1977=ORIENTED_EDGE('',*,*,#2478,.F.);
#1978=ORIENTED_EDGE('',*,*,#2539,.F.);
#1979=ORIENTED_EDGE('',*,*,#2538,.F.);
#1980=ORIENTED_EDGE('',*,*,#2480,.F.);
#1981=ORIENTED_EDGE('',*,*,#2588,.F.);
#1982=ORIENTED_EDGE('',*,*,#2589,.F.);
#1983=ORIENTED_EDGE('',*,*,#2479,.F.);
#1984=ORIENTED_EDGE('',*,*,#2588,.T.);
#1985=ORIENTED_EDGE('',*,*,#2590,.T.);
#1986=ORIENTED_EDGE('',*,*,#2591,.T.);
#1987=ORIENTED_EDGE('',*,*,#2482,.F.);
#1988=ORIENTED_EDGE('',*,*,#2537,.F.);
#1989=ORIENTED_EDGE('',*,*,#2512,.T.);
#1990=ORIENTED_EDGE('',*,*,#2500,.F.);
#1991=ORIENTED_EDGE('',*,*,#2486,.F.);
#1992=ORIENTED_EDGE('',*,*,#2592,.T.);
#1993=ORIENTED_EDGE('',*,*,#2593,.T.);
#1994=ORIENTED_EDGE('',*,*,#2594,.T.);
#1995=ORIENTED_EDGE('',*,*,#2595,.T.);
#1996=ORIENTED_EDGE('',*,*,#2596,.T.);
#1997=ORIENTED_EDGE('',*,*,#2597,.T.);
#1998=ORIENTED_EDGE('',*,*,#2598,.T.);
#1999=ORIENTED_EDGE('',*,*,#2599,.T.);
#2000=ORIENTED_EDGE('',*,*,#2600,.T.);
#2001=ORIENTED_EDGE('',*,*,#2601,.T.);
#2002=ORIENTED_EDGE('',*,*,#2602,.T.);
#2003=ORIENTED_EDGE('',*,*,#2603,.T.);
#2004=ORIENTED_EDGE('',*,*,#2604,.T.);
#2005=ORIENTED_EDGE('',*,*,#2605,.T.);
#2006=ORIENTED_EDGE('',*,*,#2606,.T.);
#2007=ORIENTED_EDGE('',*,*,#2607,.T.);
#2008=ORIENTED_EDGE('',*,*,#2608,.T.);
#2009=ORIENTED_EDGE('',*,*,#2609,.T.);
#2010=ORIENTED_EDGE('',*,*,#2610,.T.);
#2011=ORIENTED_EDGE('',*,*,#2611,.T.);
#2012=ORIENTED_EDGE('',*,*,#2612,.T.);
#2013=ORIENTED_EDGE('',*,*,#2483,.F.);
#2014=ORIENTED_EDGE('',*,*,#2591,.F.);
#2015=ORIENTED_EDGE('',*,*,#2613,.F.);
#2016=ORIENTED_EDGE('',*,*,#2614,.F.);
#2017=ORIENTED_EDGE('',*,*,#2615,.F.);
#2018=ORIENTED_EDGE('',*,*,#2484,.F.);
#2019=ORIENTED_EDGE('',*,*,#2613,.T.);
#2020=ORIENTED_EDGE('',*,*,#2590,.F.);
#2021=ORIENTED_EDGE('',*,*,#2616,.F.);
#2022=ORIENTED_EDGE('',*,*,#2485,.F.);
#2023=ORIENTED_EDGE('',*,*,#2616,.T.);
#2024=ORIENTED_EDGE('',*,*,#2592,.F.);
#2025=ORIENTED_EDGE('',*,*,#2617,.T.);
#2026=ORIENTED_EDGE('',*,*,#2618,.F.);
#2027=ORIENTED_EDGE('',*,*,#2619,.T.);
#2028=ORIENTED_EDGE('',*,*,#2488,.F.);
#2029=ORIENTED_EDGE('',*,*,#2620,.F.);
#2030=ORIENTED_EDGE('',*,*,#2621,.F.);
#2031=ORIENTED_EDGE('',*,*,#2622,.T.);
#2032=ORIENTED_EDGE('',*,*,#2489,.F.);
#2033=ORIENTED_EDGE('',*,*,#2619,.F.);
#2034=ORIENTED_EDGE('',*,*,#2623,.F.);
#2035=ORIENTED_EDGE('',*,*,#2624,.T.);
#2036=ORIENTED_EDGE('',*,*,#2490,.F.);
#2037=ORIENTED_EDGE('',*,*,#2622,.F.);
#2038=ORIENTED_EDGE('',*,*,#2625,.F.);
#2039=ORIENTED_EDGE('',*,*,#2620,.T.);
#2040=ORIENTED_EDGE('',*,*,#2491,.F.);
#2041=ORIENTED_EDGE('',*,*,#2624,.F.);
#2042=ORIENTED_EDGE('',*,*,#2626,.T.);
#2043=ORIENTED_EDGE('',*,*,#2492,.T.);
#2044=ORIENTED_EDGE('',*,*,#2627,.F.);
#2045=ORIENTED_EDGE('',*,*,#2628,.T.);
#2046=ORIENTED_EDGE('',*,*,#2626,.F.);
#2047=ORIENTED_EDGE('',*,*,#2629,.T.);
#2048=ORIENTED_EDGE('',*,*,#2630,.F.);
#2049=ORIENTED_EDGE('',*,*,#2493,.T.);
#2050=ORIENTED_EDGE('',*,*,#2631,.T.);
#2051=ORIENTED_EDGE('',*,*,#2632,.T.);
#2052=ORIENTED_EDGE('',*,*,#2633,.T.);
#2053=ORIENTED_EDGE('',*,*,#2634,.T.);
#2054=ORIENTED_EDGE('',*,*,#2635,.T.);
#2055=ORIENTED_EDGE('',*,*,#2636,.T.);
#2056=ORIENTED_EDGE('',*,*,#2637,.T.);
#2057=ORIENTED_EDGE('',*,*,#2638,.T.);
#2058=ORIENTED_EDGE('',*,*,#2630,.T.);
#2059=ORIENTED_EDGE('',*,*,#2639,.T.);
#2060=ORIENTED_EDGE('',*,*,#2640,.F.);
#2061=ORIENTED_EDGE('',*,*,#2494,.T.);
#2062=ORIENTED_EDGE('',*,*,#2640,.T.);
#2063=ORIENTED_EDGE('',*,*,#2641,.T.);
#2064=ORIENTED_EDGE('',*,*,#2642,.T.);
#2065=ORIENTED_EDGE('',*,*,#2495,.T.);
#2066=ORIENTED_EDGE('',*,*,#2643,.T.);
#2067=ORIENTED_EDGE('',*,*,#2496,.T.);
#2068=ORIENTED_EDGE('',*,*,#2642,.F.);
#2069=ORIENTED_EDGE('',*,*,#2644,.T.);
#2070=ORIENTED_EDGE('',*,*,#2643,.F.);
#2071=ORIENTED_EDGE('',*,*,#2645,.F.);
#2072=ORIENTED_EDGE('',*,*,#2646,.F.);
#2073=ORIENTED_EDGE('',*,*,#2497,.F.);
#2074=ORIENTED_EDGE('',*,*,#2647,.T.);
#2075=ORIENTED_EDGE('',*,*,#2648,.T.);
#2076=ORIENTED_EDGE('',*,*,#2649,.T.);
#2077=ORIENTED_EDGE('',*,*,#2650,.T.);
#2078=ORIENTED_EDGE('',*,*,#2646,.T.);
#2079=ORIENTED_EDGE('',*,*,#2651,.T.);
#2080=ORIENTED_EDGE('',*,*,#2652,.F.);
#2081=ORIENTED_EDGE('',*,*,#2498,.T.);
#2082=ORIENTED_EDGE('',*,*,#2627,.T.);
#2083=ORIENTED_EDGE('',*,*,#2499,.T.);
#2084=ORIENTED_EDGE('',*,*,#2652,.T.);
#2085=ORIENTED_EDGE('',*,*,#2653,.T.);
#2086=ORIENTED_EDGE('',*,*,#2552,.F.);
#2087=ORIENTED_EDGE('',*,*,#2502,.F.);
#2088=ORIENTED_EDGE('',*,*,#2654,.F.);
#2089=ORIENTED_EDGE('',*,*,#2522,.F.);
#2090=ORIENTED_EDGE('',*,*,#2532,.F.);
#2091=ORIENTED_EDGE('',*,*,#2655,.F.);
#2092=ORIENTED_EDGE('',*,*,#2550,.F.);
#2093=ORIENTED_EDGE('',*,*,#2506,.F.);
#2094=ORIENTED_EDGE('',*,*,#2656,.F.);
#2095=ORIENTED_EDGE('',*,*,#2504,.F.);
#2096=ORIENTED_EDGE('',*,*,#2551,.F.);
#2097=ORIENTED_EDGE('',*,*,#2657,.F.);
#2098=ORIENTED_EDGE('',*,*,#2505,.F.);
#2099=ORIENTED_EDGE('',*,*,#2656,.T.);
#2100=ORIENTED_EDGE('',*,*,#2548,.F.);
#2101=ORIENTED_EDGE('',*,*,#2510,.F.);
#2102=ORIENTED_EDGE('',*,*,#2658,.F.);
#2103=ORIENTED_EDGE('',*,*,#2508,.F.);
#2104=ORIENTED_EDGE('',*,*,#2549,.F.);
#2105=ORIENTED_EDGE('',*,*,#2659,.F.);
#2106=ORIENTED_EDGE('',*,*,#2509,.F.);
#2107=ORIENTED_EDGE('',*,*,#2658,.T.);
#2108=ORIENTED_EDGE('',*,*,#2535,.F.);
#2109=ORIENTED_EDGE('',*,*,#2516,.F.);
#2110=ORIENTED_EDGE('',*,*,#2660,.F.);
#2111=ORIENTED_EDGE('',*,*,#2514,.F.);
#2112=ORIENTED_EDGE('',*,*,#2536,.F.);
#2113=ORIENTED_EDGE('',*,*,#2661,.F.);
#2114=ORIENTED_EDGE('',*,*,#2515,.F.);
#2115=ORIENTED_EDGE('',*,*,#2660,.T.);
#2116=ORIENTED_EDGE('',*,*,#2533,.F.);
#2117=ORIENTED_EDGE('',*,*,#2520,.F.);
#2118=ORIENTED_EDGE('',*,*,#2662,.F.);
#2119=ORIENTED_EDGE('',*,*,#2518,.F.);
#2120=ORIENTED_EDGE('',*,*,#2534,.F.);
#2121=ORIENTED_EDGE('',*,*,#2663,.F.);
#2122=ORIENTED_EDGE('',*,*,#2519,.F.);
#2123=ORIENTED_EDGE('',*,*,#2662,.T.);
#2124=ORIENTED_EDGE('',*,*,#2523,.F.);
#2125=ORIENTED_EDGE('',*,*,#2654,.T.);
#2126=ORIENTED_EDGE('',*,*,#2664,.F.);
#2127=ORIENTED_EDGE('',*,*,#2665,.F.);
#2128=ORIENTED_EDGE('',*,*,#2524,.F.);
#2129=ORIENTED_EDGE('',*,*,#2666,.T.);
#2130=ORIENTED_EDGE('',*,*,#2667,.F.);
#2131=ORIENTED_EDGE('',*,*,#2668,.F.);
#2132=ORIENTED_EDGE('',*,*,#2525,.F.);
#2133=ORIENTED_EDGE('',*,*,#2665,.T.);
#2134=ORIENTED_EDGE('',*,*,#2669,.F.);
#2135=ORIENTED_EDGE('',*,*,#2670,.F.);
#2136=ORIENTED_EDGE('',*,*,#2526,.F.);
#2137=ORIENTED_EDGE('',*,*,#2668,.T.);
#2138=ORIENTED_EDGE('',*,*,#2671,.F.);
#2139=ORIENTED_EDGE('',*,*,#2666,.F.);
#2140=ORIENTED_EDGE('',*,*,#2527,.F.);
#2141=ORIENTED_EDGE('',*,*,#2670,.T.);
#2142=ORIENTED_EDGE('',*,*,#2672,.F.);
#2143=ORIENTED_EDGE('',*,*,#2673,.F.);
#2144=ORIENTED_EDGE('',*,*,#2528,.F.);
#2145=ORIENTED_EDGE('',*,*,#2674,.T.);
#2146=ORIENTED_EDGE('',*,*,#2675,.F.);
#2147=ORIENTED_EDGE('',*,*,#2676,.F.);
#2148=ORIENTED_EDGE('',*,*,#2529,.F.);
#2149=ORIENTED_EDGE('',*,*,#2673,.T.);
#2150=ORIENTED_EDGE('',*,*,#2677,.F.);
#2151=ORIENTED_EDGE('',*,*,#2678,.F.);
#2152=ORIENTED_EDGE('',*,*,#2530,.F.);
#2153=ORIENTED_EDGE('',*,*,#2676,.T.);
#2154=ORIENTED_EDGE('',*,*,#2679,.F.);
#2155=ORIENTED_EDGE('',*,*,#2674,.F.);
#2156=ORIENTED_EDGE('',*,*,#2531,.F.);
#2157=ORIENTED_EDGE('',*,*,#2678,.T.);
#2158=ORIENTED_EDGE('',*,*,#2553,.T.);
#2159=ORIENTED_EDGE('',*,*,#2554,.T.);
#2160=ORIENTED_EDGE('',*,*,#2680,.F.);
#2161=ORIENTED_EDGE('',*,*,#2557,.T.);
#2162=ORIENTED_EDGE('',*,*,#2558,.T.);
#2163=ORIENTED_EDGE('',*,*,#2681,.F.);
#2164=ORIENTED_EDGE('',*,*,#2562,.T.);
#2165=ORIENTED_EDGE('',*,*,#2563,.T.);
#2166=ORIENTED_EDGE('',*,*,#2682,.F.);
#2167=ORIENTED_EDGE('',*,*,#2567,.T.);
#2168=ORIENTED_EDGE('',*,*,#2568,.T.);
#2169=ORIENTED_EDGE('',*,*,#2683,.F.);
#2170=ORIENTED_EDGE('',*,*,#2572,.T.);
#2171=ORIENTED_EDGE('',*,*,#2573,.T.);
#2172=ORIENTED_EDGE('',*,*,#2684,.F.);
#2173=ORIENTED_EDGE('',*,*,#2577,.T.);
#2174=ORIENTED_EDGE('',*,*,#2578,.T.);
#2175=ORIENTED_EDGE('',*,*,#2685,.F.);
#2176=ORIENTED_EDGE('',*,*,#2686,.T.);
#2177=ORIENTED_EDGE('',*,*,#2581,.T.);
#2178=ORIENTED_EDGE('',*,*,#2687,.T.);
#2179=ORIENTED_EDGE('',*,*,#2583,.T.);
#2180=ORIENTED_EDGE('',*,*,#2688,.T.);
#2181=ORIENTED_EDGE('',*,*,#2585,.T.);
#2182=ORIENTED_EDGE('',*,*,#2689,.T.);
#2183=ORIENTED_EDGE('',*,*,#2587,.T.);
#2184=ORIENTED_EDGE('',*,*,#2690,.T.);
#2185=ORIENTED_EDGE('',*,*,#2589,.T.);
#2186=ORIENTED_EDGE('',*,*,#2593,.F.);
#2187=ORIENTED_EDGE('',*,*,#2691,.F.);
#2188=ORIENTED_EDGE('',*,*,#2595,.F.);
#2189=ORIENTED_EDGE('',*,*,#2692,.T.);
#2190=ORIENTED_EDGE('',*,*,#2594,.F.);
#2191=ORIENTED_EDGE('',*,*,#2692,.F.);
#2192=ORIENTED_EDGE('',*,*,#2693,.F.);
#2193=ORIENTED_EDGE('',*,*,#2694,.F.);
#2194=ORIENTED_EDGE('',*,*,#2596,.F.);
#2195=ORIENTED_EDGE('',*,*,#2691,.T.);
#2196=ORIENTED_EDGE('',*,*,#2695,.T.);
#2197=ORIENTED_EDGE('',*,*,#2597,.F.);
#2198=ORIENTED_EDGE('',*,*,#2696,.F.);
#2199=ORIENTED_EDGE('',*,*,#2599,.F.);
#2200=ORIENTED_EDGE('',*,*,#2697,.T.);
#2201=ORIENTED_EDGE('',*,*,#2598,.F.);
#2202=ORIENTED_EDGE('',*,*,#2697,.F.);
#2203=ORIENTED_EDGE('',*,*,#2698,.F.);
#2204=ORIENTED_EDGE('',*,*,#2699,.F.);
#2205=ORIENTED_EDGE('',*,*,#2600,.F.);
#2206=ORIENTED_EDGE('',*,*,#2696,.T.);
#2207=ORIENTED_EDGE('',*,*,#2700,.T.);
#2208=ORIENTED_EDGE('',*,*,#2601,.F.);
#2209=ORIENTED_EDGE('',*,*,#2701,.F.);
#2210=ORIENTED_EDGE('',*,*,#2603,.F.);
#2211=ORIENTED_EDGE('',*,*,#2702,.T.);
#2212=ORIENTED_EDGE('',*,*,#2602,.F.);
#2213=ORIENTED_EDGE('',*,*,#2702,.F.);
#2214=ORIENTED_EDGE('',*,*,#2703,.F.);
#2215=ORIENTED_EDGE('',*,*,#2704,.F.);
#2216=ORIENTED_EDGE('',*,*,#2604,.F.);
#2217=ORIENTED_EDGE('',*,*,#2701,.T.);
#2218=ORIENTED_EDGE('',*,*,#2705,.T.);
#2219=ORIENTED_EDGE('',*,*,#2605,.F.);
#2220=ORIENTED_EDGE('',*,*,#2706,.F.);
#2221=ORIENTED_EDGE('',*,*,#2607,.F.);
#2222=ORIENTED_EDGE('',*,*,#2707,.T.);
#2223=ORIENTED_EDGE('',*,*,#2606,.F.);
#2224=ORIENTED_EDGE('',*,*,#2707,.F.);
#2225=ORIENTED_EDGE('',*,*,#2708,.F.);
#2226=ORIENTED_EDGE('',*,*,#2709,.F.);
#2227=ORIENTED_EDGE('',*,*,#2608,.F.);
#2228=ORIENTED_EDGE('',*,*,#2706,.T.);
#2229=ORIENTED_EDGE('',*,*,#2710,.T.);
#2230=ORIENTED_EDGE('',*,*,#2609,.F.);
#2231=ORIENTED_EDGE('',*,*,#2711,.F.);
#2232=ORIENTED_EDGE('',*,*,#2611,.F.);
#2233=ORIENTED_EDGE('',*,*,#2712,.T.);
#2234=ORIENTED_EDGE('',*,*,#2610,.F.);
#2235=ORIENTED_EDGE('',*,*,#2712,.F.);
#2236=ORIENTED_EDGE('',*,*,#2713,.F.);
#2237=ORIENTED_EDGE('',*,*,#2714,.F.);
#2238=ORIENTED_EDGE('',*,*,#2612,.F.);
#2239=ORIENTED_EDGE('',*,*,#2711,.T.);
#2240=ORIENTED_EDGE('',*,*,#2715,.T.);
#2241=ORIENTED_EDGE('',*,*,#2614,.T.);
#2242=ORIENTED_EDGE('',*,*,#2615,.T.);
#2243=ORIENTED_EDGE('',*,*,#2716,.F.);
#2244=ORIENTED_EDGE('',*,*,#2647,.F.);
#2245=ORIENTED_EDGE('',*,*,#2717,.F.);
#2246=ORIENTED_EDGE('',*,*,#2618,.T.);
#2247=ORIENTED_EDGE('',*,*,#2718,.T.);
#2248=ORIENTED_EDGE('',*,*,#2650,.F.);
#2249=ORIENTED_EDGE('',*,*,#2719,.F.);
#2250=ORIENTED_EDGE('',*,*,#2621,.T.);
#2251=ORIENTED_EDGE('',*,*,#2717,.T.);
#2252=ORIENTED_EDGE('',*,*,#2649,.F.);
#2253=ORIENTED_EDGE('',*,*,#2720,.F.);
#2254=ORIENTED_EDGE('',*,*,#2623,.T.);
#2255=ORIENTED_EDGE('',*,*,#2719,.T.);
#2256=ORIENTED_EDGE('',*,*,#2648,.F.);
#2257=ORIENTED_EDGE('',*,*,#2718,.F.);
#2258=ORIENTED_EDGE('',*,*,#2625,.T.);
#2259=ORIENTED_EDGE('',*,*,#2720,.T.);
#2260=ORIENTED_EDGE('',*,*,#2628,.F.);
#2261=ORIENTED_EDGE('',*,*,#2653,.F.);
#2262=ORIENTED_EDGE('',*,*,#2651,.F.);
#2263=ORIENTED_EDGE('',*,*,#2645,.T.);
#2264=ORIENTED_EDGE('',*,*,#2644,.F.);
#2265=ORIENTED_EDGE('',*,*,#2641,.F.);
#2266=ORIENTED_EDGE('',*,*,#2639,.F.);
#2267=ORIENTED_EDGE('',*,*,#2629,.F.);
#2268=ORIENTED_EDGE('',*,*,#2721,.T.);
#2269=ORIENTED_EDGE('',*,*,#2722,.T.);
#2270=ORIENTED_EDGE('',*,*,#2723,.T.);
#2271=ORIENTED_EDGE('',*,*,#2724,.T.);
#2272=ORIENTED_EDGE('',*,*,#2725,.T.);
#2273=ORIENTED_EDGE('',*,*,#2726,.T.);
#2274=ORIENTED_EDGE('',*,*,#2727,.T.);
#2275=ORIENTED_EDGE('',*,*,#2728,.T.);
#2276=ORIENTED_EDGE('',*,*,#2729,.T.);
#2277=ORIENTED_EDGE('',*,*,#2730,.T.);
#2278=ORIENTED_EDGE('',*,*,#2731,.T.);
#2279=ORIENTED_EDGE('',*,*,#2732,.T.);
#2280=ORIENTED_EDGE('',*,*,#2733,.T.);
#2281=ORIENTED_EDGE('',*,*,#2734,.T.);
#2282=ORIENTED_EDGE('',*,*,#2735,.T.);
#2283=ORIENTED_EDGE('',*,*,#2736,.T.);
#2284=ORIENTED_EDGE('',*,*,#2737,.T.);
#2285=ORIENTED_EDGE('',*,*,#2738,.T.);
#2286=ORIENTED_EDGE('',*,*,#2739,.T.);
#2287=ORIENTED_EDGE('',*,*,#2740,.T.);
#2288=ORIENTED_EDGE('',*,*,#2741,.T.);
#2289=ORIENTED_EDGE('',*,*,#2742,.T.);
#2290=ORIENTED_EDGE('',*,*,#2631,.F.);
#2291=ORIENTED_EDGE('',*,*,#2743,.F.);
#2292=ORIENTED_EDGE('',*,*,#2669,.T.);
#2293=ORIENTED_EDGE('',*,*,#2744,.T.);
#2294=ORIENTED_EDGE('',*,*,#2632,.F.);
#2295=ORIENTED_EDGE('',*,*,#2744,.F.);
#2296=ORIENTED_EDGE('',*,*,#2667,.T.);
#2297=ORIENTED_EDGE('',*,*,#2745,.T.);
#2298=ORIENTED_EDGE('',*,*,#2633,.F.);
#2299=ORIENTED_EDGE('',*,*,#2745,.F.);
#2300=ORIENTED_EDGE('',*,*,#2664,.T.);
#2301=ORIENTED_EDGE('',*,*,#2746,.T.);
#2302=ORIENTED_EDGE('',*,*,#2634,.F.);
#2303=ORIENTED_EDGE('',*,*,#2746,.F.);
#2304=ORIENTED_EDGE('',*,*,#2671,.T.);
#2305=ORIENTED_EDGE('',*,*,#2743,.T.);
#2306=ORIENTED_EDGE('',*,*,#2635,.F.);
#2307=ORIENTED_EDGE('',*,*,#2747,.F.);
#2308=ORIENTED_EDGE('',*,*,#2677,.T.);
#2309=ORIENTED_EDGE('',*,*,#2748,.T.);
#2310=ORIENTED_EDGE('',*,*,#2636,.F.);
#2311=ORIENTED_EDGE('',*,*,#2748,.F.);
#2312=ORIENTED_EDGE('',*,*,#2675,.T.);
#2313=ORIENTED_EDGE('',*,*,#2749,.T.);
#2314=ORIENTED_EDGE('',*,*,#2637,.F.);
#2315=ORIENTED_EDGE('',*,*,#2749,.F.);
#2316=ORIENTED_EDGE('',*,*,#2672,.T.);
#2317=ORIENTED_EDGE('',*,*,#2750,.T.);
#2318=ORIENTED_EDGE('',*,*,#2638,.F.);
#2319=ORIENTED_EDGE('',*,*,#2750,.F.);
#2320=ORIENTED_EDGE('',*,*,#2679,.T.);
#2321=ORIENTED_EDGE('',*,*,#2747,.T.);
#2322=ORIENTED_EDGE('',*,*,#2751,.T.);
#2323=ORIENTED_EDGE('',*,*,#2655,.T.);
#2324=ORIENTED_EDGE('',*,*,#2752,.T.);
#2325=ORIENTED_EDGE('',*,*,#2657,.T.);
#2326=ORIENTED_EDGE('',*,*,#2753,.T.);
#2327=ORIENTED_EDGE('',*,*,#2659,.T.);
#2328=ORIENTED_EDGE('',*,*,#2754,.T.);
#2329=ORIENTED_EDGE('',*,*,#2661,.T.);
#2330=ORIENTED_EDGE('',*,*,#2755,.T.);
#2331=ORIENTED_EDGE('',*,*,#2663,.T.);
#2332=ORIENTED_EDGE('',*,*,#2756,.T.);
#2333=ORIENTED_EDGE('',*,*,#2680,.T.);
#2334=ORIENTED_EDGE('',*,*,#2757,.T.);
#2335=ORIENTED_EDGE('',*,*,#2681,.T.);
#2336=ORIENTED_EDGE('',*,*,#2758,.T.);
#2337=ORIENTED_EDGE('',*,*,#2682,.T.);
#2338=ORIENTED_EDGE('',*,*,#2759,.T.);
#2339=ORIENTED_EDGE('',*,*,#2683,.T.);
#2340=ORIENTED_EDGE('',*,*,#2760,.T.);
#2341=ORIENTED_EDGE('',*,*,#2684,.T.);
#2342=ORIENTED_EDGE('',*,*,#2761,.T.);
#2343=ORIENTED_EDGE('',*,*,#2685,.T.);
#2344=ORIENTED_EDGE('',*,*,#2686,.F.);
#2345=ORIENTED_EDGE('',*,*,#2739,.F.);
#2346=ORIENTED_EDGE('',*,*,#2687,.F.);
#2347=ORIENTED_EDGE('',*,*,#2740,.F.);
#2348=ORIENTED_EDGE('',*,*,#2688,.F.);
#2349=ORIENTED_EDGE('',*,*,#2733,.F.);
#2350=ORIENTED_EDGE('',*,*,#2689,.F.);
#2351=ORIENTED_EDGE('',*,*,#2741,.F.);
#2352=ORIENTED_EDGE('',*,*,#2690,.F.);
#2353=ORIENTED_EDGE('',*,*,#2742,.F.);
#2354=ORIENTED_EDGE('',*,*,#2693,.T.);
#2355=ORIENTED_EDGE('',*,*,#2694,.T.);
#2356=ORIENTED_EDGE('',*,*,#2762,.F.);
#2357=ORIENTED_EDGE('',*,*,#2698,.T.);
#2358=ORIENTED_EDGE('',*,*,#2699,.T.);
#2359=ORIENTED_EDGE('',*,*,#2763,.F.);
#2360=ORIENTED_EDGE('',*,*,#2703,.T.);
#2361=ORIENTED_EDGE('',*,*,#2704,.T.);
#2362=ORIENTED_EDGE('',*,*,#2764,.F.);
#2363=ORIENTED_EDGE('',*,*,#2708,.T.);
#2364=ORIENTED_EDGE('',*,*,#2709,.T.);
#2365=ORIENTED_EDGE('',*,*,#2765,.F.);
#2366=ORIENTED_EDGE('',*,*,#2713,.T.);
#2367=ORIENTED_EDGE('',*,*,#2714,.T.);
#2368=ORIENTED_EDGE('',*,*,#2766,.F.);
#2369=ORIENTED_EDGE('',*,*,#2767,.T.);
#2370=ORIENTED_EDGE('',*,*,#2716,.T.);
#2371=ORIENTED_EDGE('',*,*,#2761,.F.);
#2372=ORIENTED_EDGE('',*,*,#2721,.F.);
#2373=ORIENTED_EDGE('',*,*,#2760,.F.);
#2374=ORIENTED_EDGE('',*,*,#2722,.F.);
#2375=ORIENTED_EDGE('',*,*,#2759,.F.);
#2376=ORIENTED_EDGE('',*,*,#2723,.F.);
#2377=ORIENTED_EDGE('',*,*,#2768,.F.);
#2378=ORIENTED_EDGE('',*,*,#2724,.F.);
#2379=ORIENTED_EDGE('',*,*,#2769,.F.);
#2380=ORIENTED_EDGE('',*,*,#2725,.F.);
#2381=ORIENTED_EDGE('',*,*,#2770,.F.);
#2382=ORIENTED_EDGE('',*,*,#2726,.F.);
#2383=ORIENTED_EDGE('',*,*,#2756,.F.);
#2384=ORIENTED_EDGE('',*,*,#2727,.F.);
#2385=ORIENTED_EDGE('',*,*,#2757,.F.);
#2386=ORIENTED_EDGE('',*,*,#2728,.F.);
#2387=ORIENTED_EDGE('',*,*,#2758,.F.);
#2388=ORIENTED_EDGE('',*,*,#2729,.F.);
#2389=ORIENTED_EDGE('',*,*,#2767,.F.);
#2390=ORIENTED_EDGE('',*,*,#2730,.F.);
#2391=ORIENTED_EDGE('',*,*,#2771,.F.);
#2392=ORIENTED_EDGE('',*,*,#2731,.F.);
#2393=ORIENTED_EDGE('',*,*,#2772,.F.);
#2394=ORIENTED_EDGE('',*,*,#2732,.F.);
#2395=ORIENTED_EDGE('',*,*,#2751,.F.);
#2396=ORIENTED_EDGE('',*,*,#2734,.F.);
#2397=ORIENTED_EDGE('',*,*,#2753,.F.);
#2398=ORIENTED_EDGE('',*,*,#2735,.F.);
#2399=ORIENTED_EDGE('',*,*,#2754,.F.);
#2400=ORIENTED_EDGE('',*,*,#2736,.F.);
#2401=ORIENTED_EDGE('',*,*,#2752,.F.);
#2402=ORIENTED_EDGE('',*,*,#2737,.F.);
#2403=ORIENTED_EDGE('',*,*,#2755,.F.);
#2404=ORIENTED_EDGE('',*,*,#2738,.F.);
#2405=ORIENTED_EDGE('',*,*,#2771,.T.);
#2406=ORIENTED_EDGE('',*,*,#2762,.T.);
#2407=ORIENTED_EDGE('',*,*,#2772,.T.);
#2408=ORIENTED_EDGE('',*,*,#2763,.T.);
#2409=ORIENTED_EDGE('',*,*,#2770,.T.);
#2410=ORIENTED_EDGE('',*,*,#2764,.T.);
#2411=ORIENTED_EDGE('',*,*,#2769,.T.);
#2412=ORIENTED_EDGE('',*,*,#2765,.T.);
#2413=ORIENTED_EDGE('',*,*,#2768,.T.);
#2414=ORIENTED_EDGE('',*,*,#2766,.T.);
#2415=ORIENTED_EDGE('',*,*,#2773,.T.);
#2416=ORIENTED_EDGE('',*,*,#2774,.T.);
#2417=ORIENTED_EDGE('',*,*,#2775,.T.);
#2418=ORIENTED_EDGE('',*,*,#2776,.T.);
#2419=ORIENTED_EDGE('',*,*,#2777,.T.);
#2420=ORIENTED_EDGE('',*,*,#2778,.T.);
#2421=ORIENTED_EDGE('',*,*,#2779,.T.);
#2422=ORIENTED_EDGE('',*,*,#2780,.T.);
#2423=ORIENTED_EDGE('',*,*,#2781,.T.);
#2424=ORIENTED_EDGE('',*,*,#2782,.T.);
#2425=ORIENTED_EDGE('',*,*,#2783,.T.);
#2426=ORIENTED_EDGE('',*,*,#2784,.T.);
#2427=EDGE_CURVE('',#2785,#2786,#2787,.F.);
#2428=EDGE_CURVE('',#2786,#2788,#2789,.T.);
#2429=EDGE_CURVE('',#2788,#2790,#2791,.T.);
#2430=EDGE_CURVE('',#2792,#2790,#2793,.T.);
#2431=EDGE_CURVE('',#2794,#2792,#2795,.T.);
#2432=EDGE_CURVE('',#2796,#2794,#2797,.T.);
#2433=EDGE_CURVE('',#2796,#2798,#2799,.T.);
#2434=EDGE_CURVE('',#2798,#2785,#2800,.F.);
#2435=EDGE_CURVE('',#2801,#2802,#2803,.T.);
#2436=EDGE_CURVE('',#2802,#2804,#2805,.F.);
#2437=EDGE_CURVE('',#2804,#2806,#2807,.F.);
#2438=EDGE_CURVE('',#2806,#2801,#2808,.T.);
#2439=EDGE_CURVE('',#2809,#2810,#2811,.T.);
#2440=EDGE_CURVE('',#2810,#2812,#2813,.F.);
#2441=EDGE_CURVE('',#2812,#2814,#2815,.F.);
#2442=EDGE_CURVE('',#2814,#2809,#2816,.T.);
#2443=EDGE_CURVE('',#2817,#2818,#2819,.T.);
#2444=EDGE_CURVE('',#2818,#2820,#2821,.F.);
#2445=EDGE_CURVE('',#2820,#2822,#2823,.F.);
#2446=EDGE_CURVE('',#2822,#2817,#2824,.T.);
#2447=EDGE_CURVE('',#2825,#2826,#2827,.T.);
#2448=EDGE_CURVE('',#2826,#2828,#2829,.F.);
#2449=EDGE_CURVE('',#2828,#2830,#2831,.F.);
#2450=EDGE_CURVE('',#2830,#2825,#2832,.T.);
#2451=EDGE_CURVE('',#2833,#2834,#2835,.T.);
#2452=EDGE_CURVE('',#2834,#2836,#2837,.F.);
#2453=EDGE_CURVE('',#2836,#2838,#2839,.F.);
#2454=EDGE_CURVE('',#2838,#2833,#2840,.T.);
#2455=EDGE_CURVE('',#2841,#2842,#2843,.T.);
#2456=EDGE_CURVE('',#2786,#2841,#2844,.T.);
#2457=EDGE_CURVE('',#2785,#2842,#2845,.T.);
#2458=EDGE_CURVE('',#2788,#2841,#2846,.T.);
#2459=EDGE_CURVE('',#2847,#2847,#2848,.T.);
#2460=EDGE_CURVE('',#2842,#2798,#2849,.F.);
#2461=EDGE_CURVE('',#2850,#2796,#2851,.T.);
#2462=EDGE_CURVE('',#2850,#2852,#2853,.F.);
#2463=EDGE_CURVE('',#2852,#2854,#2855,.T.);
#2464=EDGE_CURVE('',#2854,#2856,#2857,.T.);
#2465=EDGE_CURVE('',#2858,#2856,#2859,.T.);
#2466=EDGE_CURVE('',#2858,#2860,#2861,.F.);
#2467=EDGE_CURVE('',#2860,#2862,#2863,.T.);
#2468=EDGE_CURVE('',#2862,#2864,#2865,.T.);
#2469=EDGE_CURVE('',#2866,#2864,#2867,.T.);
#2470=EDGE_CURVE('',#2866,#2868,#2869,.F.);
#2471=EDGE_CURVE('',#2868,#2870,#2871,.T.);
#2472=EDGE_CURVE('',#2870,#2872,#2873,.T.);
#2473=EDGE_CURVE('',#2874,#2872,#2875,.T.);
#2474=EDGE_CURVE('',#2874,#2876,#2877,.F.);
#2475=EDGE_CURVE('',#2876,#2878,#2879,.T.);
#2476=EDGE_CURVE('',#2878,#2880,#2881,.T.);
#2477=EDGE_CURVE('',#2882,#2880,#2883,.T.);
#2478=EDGE_CURVE('',#2882,#2884,#2885,.F.);
#2479=EDGE_CURVE('',#2884,#2886,#2887,.T.);
#2480=EDGE_CURVE('',#2886,#2888,#2889,.T.);
#2481=EDGE_CURVE('',#2890,#2888,#2891,.T.);
#2482=EDGE_CURVE('',#2890,#2892,#2893,.T.);
#2483=EDGE_CURVE('',#2892,#2894,#2895,.F.);
#2484=EDGE_CURVE('',#2894,#2896,#2897,.F.);
#2485=EDGE_CURVE('',#2896,#2898,#2899,.T.);
#2486=EDGE_CURVE('',#2898,#2900,#2901,.T.);
#2487=EDGE_CURVE('',#2790,#2900,#2902,.T.);
#2488=EDGE_CURVE('',#2903,#2904,#2905,.F.);
#2489=EDGE_CURVE('',#2904,#2906,#2907,.F.);
#2490=EDGE_CURVE('',#2906,#2908,#2909,.F.);
#2491=EDGE_CURVE('',#2908,#2903,#2910,.F.);
#2492=EDGE_CURVE('',#2911,#2912,#2913,.F.);
#2493=EDGE_CURVE('',#2914,#2911,#2915,.T.);
#2494=EDGE_CURVE('',#2916,#2914,#2917,.F.);
#2495=EDGE_CURVE('',#2918,#2916,#2919,.T.);
#2496=EDGE_CURVE('',#2920,#2918,#2921,.F.);
#2497=EDGE_CURVE('',#2920,#2922,#2923,.T.);
#2498=EDGE_CURVE('',#2924,#2922,#2925,.F.);
#2499=EDGE_CURVE('',#2912,#2924,#2926,.T.);
#2500=EDGE_CURVE('',#2900,#2927,#2928,.T.);
#2501=EDGE_CURVE('',#2927,#2792,#2929,.T.);
#2502=EDGE_CURVE('',#2930,#2931,#2932,.T.);
#2503=EDGE_CURVE('',#2933,#2931,#2934,.T.);
#2504=EDGE_CURVE('',#2933,#2935,#2936,.F.);
#2505=EDGE_CURVE('',#2935,#2937,#2938,.T.);
#2506=EDGE_CURVE('',#2937,#2939,#2940,.T.);
#2507=EDGE_CURVE('',#2941,#2939,#2942,.T.);
#2508=EDGE_CURVE('',#2941,#2943,#2944,.F.);
#2509=EDGE_CURVE('',#2943,#2945,#2946,.T.);
#2510=EDGE_CURVE('',#2945,#2947,#2948,.T.);
#2511=EDGE_CURVE('',#2794,#2947,#2949,.T.);
#2512=EDGE_CURVE('',#2950,#2927,#2951,.T.);
#2513=EDGE_CURVE('',#2952,#2950,#2953,.T.);
#2514=EDGE_CURVE('',#2952,#2954,#2955,.F.);
#2515=EDGE_CURVE('',#2954,#2956,#2957,.T.);
#2516=EDGE_CURVE('',#2956,#2958,#2959,.T.);
#2517=EDGE_CURVE('',#2960,#2958,#2961,.T.);
#2518=EDGE_CURVE('',#2960,#2962,#2963,.F.);
#2519=EDGE_CURVE('',#2962,#2964,#2965,.T.);
#2520=EDGE_CURVE('',#2964,#2966,#2967,.T.);
#2521=EDGE_CURVE('',#2968,#2966,#2969,.T.);
#2522=EDGE_CURVE('',#2968,#2970,#2971,.F.);
#2523=EDGE_CURVE('',#2970,#2930,#2972,.T.);
#2524=EDGE_CURVE('',#2973,#2974,#2975,.T.);
#2525=EDGE_CURVE('',#2974,#2976,#2977,.F.);
#2526=EDGE_CURVE('',#2976,#2978,#2979,.T.);
#2527=EDGE_CURVE('',#2978,#2973,#2980,.F.);
#2528=EDGE_CURVE('',#2981,#2982,#2983,.F.);
#2529=EDGE_CURVE('',#2982,#2984,#2985,.F.);
#2530=EDGE_CURVE('',#2984,#2986,#2987,.F.);
#2531=EDGE_CURVE('',#2986,#2981,#2988,.F.);
#2532=EDGE_CURVE('',#2989,#2968,#2990,.T.);
#2533=EDGE_CURVE('',#2966,#2991,#2992,.T.);
#2534=EDGE_CURVE('',#2991,#2960,#2993,.T.);
#2535=EDGE_CURVE('',#2958,#2994,#2995,.T.);
#2536=EDGE_CURVE('',#2994,#2952,#2996,.T.);
#2537=EDGE_CURVE('',#2950,#2890,#2997,.T.);
#2538=EDGE_CURVE('',#2888,#2998,#2999,.T.);
#2539=EDGE_CURVE('',#2998,#2882,#3000,.T.);
#2540=EDGE_CURVE('',#2880,#3001,#3002,.T.);
#2541=EDGE_CURVE('',#3001,#2874,#3003,.T.);
#2542=EDGE_CURVE('',#2872,#3004,#3005,.T.);
#2543=EDGE_CURVE('',#3004,#2866,#3006,.T.);
#2544=EDGE_CURVE('',#2864,#3007,#3008,.T.);
#2545=EDGE_CURVE('',#3007,#2858,#3009,.T.);
#2546=EDGE_CURVE('',#2856,#3010,#3011,.T.);
#2547=EDGE_CURVE('',#3010,#2850,#3012,.T.);
#2548=EDGE_CURVE('',#2947,#3013,#3014,.T.);
#2549=EDGE_CURVE('',#3013,#2941,#3015,.T.);
#2550=EDGE_CURVE('',#2939,#3016,#3017,.T.);
#2551=EDGE_CURVE('',#3016,#2933,#3018,.T.);
#2552=EDGE_CURVE('',#2931,#2989,#3019,.T.);
#2553=EDGE_CURVE('',#3020,#3021,#3022,.F.);
#2554=EDGE_CURVE('',#3021,#3020,#3023,.F.);
#2555=EDGE_CURVE('',#2806,#2801,#3024,.T.);
#2556=EDGE_CURVE('',#2804,#2802,#3025,.T.);
#2557=EDGE_CURVE('',#3026,#3027,#3028,.F.);
#2558=EDGE_CURVE('',#3027,#3026,#3029,.F.);
#2559=EDGE_CURVE('',#3030,#3030,#3031,.T.);
#2560=EDGE_CURVE('',#2814,#2809,#3032,.T.);
#2561=EDGE_CURVE('',#2812,#2810,#3033,.T.);
#2562=EDGE_CURVE('',#3034,#3035,#3036,.F.);
#2563=EDGE_CURVE('',#3035,#3034,#3037,.F.);
#2564=EDGE_CURVE('',#3038,#3038,#3039,.T.);
#2565=EDGE_CURVE('',#2822,#2817,#3040,.T.);
#2566=EDGE_CURVE('',#2820,#2818,#3041,.T.);
#2567=EDGE_CURVE('',#3042,#3043,#3044,.F.);
#2568=EDGE_CURVE('',#3043,#3042,#3045,.F.);
#2569=EDGE_CURVE('',#3046,#3046,#3047,.T.);
#2570=EDGE_CURVE('',#2830,#2825,#3048,.T.);
#2571=EDGE_CURVE('',#2828,#2826,#3049,.T.);
#2572=EDGE_CURVE('',#3050,#3051,#3052,.F.);
#2573=EDGE_CURVE('',#3051,#3050,#3053,.F.);
#2574=EDGE_CURVE('',#3054,#3054,#3055,.T.);
#2575=EDGE_CURVE('',#2838,#2833,#3056,.T.);
#2576=EDGE_CURVE('',#2836,#2834,#3057,.T.);
#2577=EDGE_CURVE('',#3058,#3059,#3060,.F.);
#2578=EDGE_CURVE('',#3059,#3058,#3061,.F.);
#2579=EDGE_CURVE('',#3062,#3062,#3063,.T.);
#2580=EDGE_CURVE('',#2852,#2854,#3064,.T.);
#2581=EDGE_CURVE('',#3065,#3065,#3066,.F.);
#2582=EDGE_CURVE('',#2860,#2862,#3067,.T.);
#2583=EDGE_CURVE('',#3068,#3068,#3069,.F.);
#2584=EDGE_CURVE('',#2868,#2870,#3070,.T.);
#2585=EDGE_CURVE('',#3071,#3071,#3072,.F.);
#2586=EDGE_CURVE('',#2876,#2878,#3073,.T.);
#2587=EDGE_CURVE('',#3074,#3074,#3075,.F.);
#2588=EDGE_CURVE('',#2884,#2886,#3076,.T.);
#2589=EDGE_CURVE('',#3077,#3077,#3078,.F.);
#2590=EDGE_CURVE('',#3079,#3080,#3081,.T.);
#2591=EDGE_CURVE('',#3080,#2892,#3082,.F.);
#2592=EDGE_CURVE('',#2898,#3079,#3083,.T.);
#2593=EDGE_CURVE('',#3084,#3085,#3086,.T.);
#2594=EDGE_CURVE('',#3085,#3087,#3088,.F.);
#2595=EDGE_CURVE('',#3087,#3089,#3090,.F.);
#2596=EDGE_CURVE('',#3089,#3084,#3091,.T.);
#2597=EDGE_CURVE('',#3092,#3093,#3094,.T.);
#2598=EDGE_CURVE('',#3093,#3095,#3096,.F.);
#2599=EDGE_CURVE('',#3095,#3097,#3098,.F.);
#2600=EDGE_CURVE('',#3097,#3092,#3099,.T.);
#2601=EDGE_CURVE('',#3100,#3101,#3102,.T.);
#2602=EDGE_CURVE('',#3101,#3103,#3104,.F.);
#2603=EDGE_CURVE('',#3103,#3105,#3106,.F.);
#2604=EDGE_CURVE('',#3105,#3100,#3107,.T.);
#2605=EDGE_CURVE('',#3108,#3109,#3110,.T.);
#2606=EDGE_CURVE('',#3109,#3111,#3112,.F.);
#2607=EDGE_CURVE('',#3111,#3113,#3114,.F.);
#2608=EDGE_CURVE('',#3113,#3108,#3115,.T.);
#2609=EDGE_CURVE('',#3116,#3117,#3118,.T.);
#2610=EDGE_CURVE('',#3117,#3119,#3120,.F.);
#2611=EDGE_CURVE('',#3119,#3121,#3122,.F.);
#2612=EDGE_CURVE('',#3121,#3116,#3123,.T.);
#2613=EDGE_CURVE('',#2894,#3080,#3124,.T.);
#2614=EDGE_CURVE('',#3125,#3126,#3127,.F.);
#2615=EDGE_CURVE('',#3126,#3125,#3128,.F.);
#2616=EDGE_CURVE('',#2896,#3079,#3129,.T.);
#2617=EDGE_CURVE('',#3130,#3130,#3131,.T.);
#2618=EDGE_CURVE('',#3132,#3133,#3134,.T.);
#2619=EDGE_CURVE('',#3132,#2904,#3135,.T.);
#2620=EDGE_CURVE('',#3133,#2903,#3136,.T.);
#2621=EDGE_CURVE('',#3137,#3132,#3138,.T.);
#2622=EDGE_CURVE('',#3137,#2906,#3139,.T.);
#2623=EDGE_CURVE('',#3140,#3137,#3141,.T.);
#2624=EDGE_CURVE('',#3140,#2908,#3142,.T.);
#2625=EDGE_CURVE('',#3133,#3140,#3143,.T.);
#2626=EDGE_CURVE('',#3144,#2911,#3145,.T.);
#2627=EDGE_CURVE('',#3146,#2912,#3147,.T.);
#2628=EDGE_CURVE('',#3146,#3144,#3148,.F.);
#2629=EDGE_CURVE('',#3144,#3149,#3150,.T.);
#2630=EDGE_CURVE('',#2914,#3149,#3151,.T.);
#2631=EDGE_CURVE('',#3152,#3153,#3154,.F.);
#2632=EDGE_CURVE('',#3153,#3155,#3156,.F.);
#2633=EDGE_CURVE('',#3155,#3157,#3158,.F.);
#2634=EDGE_CURVE('',#3157,#3152,#3159,.F.);
#2635=EDGE_CURVE('',#3160,#3161,#3162,.F.);
#2636=EDGE_CURVE('',#3161,#3163,#3164,.F.);
#2637=EDGE_CURVE('',#3163,#3165,#3166,.F.);
#2638=EDGE_CURVE('',#3165,#3160,#3167,.F.);
#2639=EDGE_CURVE('',#3149,#3168,#3169,.F.);
#2640=EDGE_CURVE('',#2916,#3168,#3170,.T.);
#2641=EDGE_CURVE('',#3168,#3171,#3172,.T.);
#2642=EDGE_CURVE('',#3171,#2918,#3173,.T.);
#2643=EDGE_CURVE('',#3174,#2920,#3175,.T.);
#2644=EDGE_CURVE('',#3171,#3174,#3176,.F.);
#2645=EDGE_CURVE('',#3177,#3174,#3178,.T.);
#2646=EDGE_CURVE('',#2922,#3177,#3179,.T.);
#2647=EDGE_CURVE('',#3180,#3181,#3182,.T.);
#2648=EDGE_CURVE('',#3181,#3183,#3184,.T.);
#2649=EDGE_CURVE('',#3183,#3185,#3186,.T.);
#2650=EDGE_CURVE('',#3185,#3180,#3187,.T.);
#2651=EDGE_CURVE('',#3177,#3188,#3189,.F.);
#2652=EDGE_CURVE('',#2924,#3188,#3190,.T.);
#2653=EDGE_CURVE('',#3188,#3146,#3191,.T.);
#2654=EDGE_CURVE('',#2970,#2930,#3192,.T.);
#2655=EDGE_CURVE('',#3193,#3193,#3194,.F.);
#2656=EDGE_CURVE('',#2935,#2937,#3195,.T.);
#2657=EDGE_CURVE('',#3196,#3196,#3197,.F.);
#2658=EDGE_CURVE('',#2943,#2945,#3198,.T.);
#2659=EDGE_CURVE('',#3199,#3199,#3200,.F.);
#2660=EDGE_CURVE('',#2954,#2956,#3201,.T.);
#2661=EDGE_CURVE('',#3202,#3202,#3203,.F.);
#2662=EDGE_CURVE('',#2962,#2964,#3204,.T.);
#2663=EDGE_CURVE('',#3205,#3205,#3206,.F.);
#2664=EDGE_CURVE('',#3207,#3208,#3209,.F.);
#2665=EDGE_CURVE('',#2974,#3207,#3210,.T.);
#2666=EDGE_CURVE('',#2973,#3208,#3211,.T.);
#2667=EDGE_CURVE('',#3212,#3207,#3213,.F.);
#2668=EDGE_CURVE('',#2976,#3212,#3214,.T.);
#2669=EDGE_CURVE('',#3215,#3212,#3216,.F.);
#2670=EDGE_CURVE('',#2978,#3215,#3217,.T.);
#2671=EDGE_CURVE('',#3208,#3215,#3218,.F.);
#2672=EDGE_CURVE('',#3219,#3220,#3221,.F.);
#2673=EDGE_CURVE('',#2982,#3219,#3222,.T.);
#2674=EDGE_CURVE('',#2981,#3220,#3223,.T.);
#2675=EDGE_CURVE('',#3224,#3219,#3225,.F.);
#2676=EDGE_CURVE('',#2984,#3224,#3226,.T.);
#2677=EDGE_CURVE('',#3227,#3224,#3228,.F.);
#2678=EDGE_CURVE('',#2986,#3227,#3229,.T.);
#2679=EDGE_CURVE('',#3220,#3227,#3230,.F.);
#2680=EDGE_CURVE('',#3231,#3231,#3232,.F.);
#2681=EDGE_CURVE('',#3233,#3233,#3234,.F.);
#2682=EDGE_CURVE('',#3235,#3235,#3236,.F.);
#2683=EDGE_CURVE('',#3237,#3237,#3238,.F.);
#2684=EDGE_CURVE('',#3239,#3239,#3240,.F.);
#2685=EDGE_CURVE('',#3241,#3241,#3242,.F.);
#2686=EDGE_CURVE('',#3243,#3243,#3244,.T.);
#2687=EDGE_CURVE('',#3245,#3245,#3246,.T.);
#2688=EDGE_CURVE('',#3247,#3247,#3248,.T.);
#2689=EDGE_CURVE('',#3249,#3249,#3250,.T.);
#2690=EDGE_CURVE('',#3251,#3251,#3252,.T.);
#2691=EDGE_CURVE('',#3089,#3084,#3253,.T.);
#2692=EDGE_CURVE('',#3087,#3085,#3254,.T.);
#2693=EDGE_CURVE('',#3255,#3256,#3257,.F.);
#2694=EDGE_CURVE('',#3256,#3255,#3258,.F.);
#2695=EDGE_CURVE('',#3259,#3259,#3260,.T.);
#2696=EDGE_CURVE('',#3097,#3092,#3261,.T.);
#2697=EDGE_CURVE('',#3095,#3093,#3262,.T.);
#2698=EDGE_CURVE('',#3263,#3264,#3265,.F.);
#2699=EDGE_CURVE('',#3264,#3263,#3266,.F.);
#2700=EDGE_CURVE('',#3267,#3267,#3268,.T.);
#2701=EDGE_CURVE('',#3105,#3100,#3269,.T.);
#2702=EDGE_CURVE('',#3103,#3101,#3270,.T.);
#2703=EDGE_CURVE('',#3271,#3272,#3273,.F.);
#2704=EDGE_CURVE('',#3272,#3271,#3274,.F.);
#2705=EDGE_CURVE('',#3275,#3275,#3276,.T.);
#2706=EDGE_CURVE('',#3113,#3108,#3277,.T.);
#2707=EDGE_CURVE('',#3111,#3109,#3278,.T.);
#2708=EDGE_CURVE('',#3279,#3280,#3281,.F.);
#2709=EDGE_CURVE('',#3280,#3279,#3282,.F.);
#2710=EDGE_CURVE('',#3283,#3283,#3284,.T.);
#2711=EDGE_CURVE('',#3121,#3116,#3285,.T.);
#2712=EDGE_CURVE('',#3119,#3117,#3286,.T.);
#2713=EDGE_CURVE('',#3287,#3288,#3289,.F.);
#2714=EDGE_CURVE('',#3288,#3287,#3290,.F.);
#2715=EDGE_CURVE('',#3291,#3291,#3292,.T.);
#2716=EDGE_CURVE('',#3293,#3293,#3294,.F.);
#2717=EDGE_CURVE('',#3132,#3180,#3295,.F.);
#2718=EDGE_CURVE('',#3133,#3181,#3296,.F.);
#2719=EDGE_CURVE('',#3137,#3185,#3297,.F.);
#2720=EDGE_CURVE('',#3140,#3183,#3298,.F.);
#2721=EDGE_CURVE('',#3299,#3299,#3300,.F.);
#2722=EDGE_CURVE('',#3301,#3301,#3302,.F.);
#2723=EDGE_CURVE('',#3303,#3303,#3304,.F.);
#2724=EDGE_CURVE('',#3305,#3305,#3306,.F.);
#2725=EDGE_CURVE('',#3307,#3307,#3308,.F.);
#2726=EDGE_CURVE('',#3309,#3309,#3310,.F.);
#2727=EDGE_CURVE('',#3311,#3311,#3312,.F.);
#2728=EDGE_CURVE('',#3313,#3313,#3314,.F.);
#2729=EDGE_CURVE('',#3315,#3315,#3316,.F.);
#2730=EDGE_CURVE('',#3317,#3317,#3318,.F.);
#2731=EDGE_CURVE('',#3319,#3319,#3320,.F.);
#2732=EDGE_CURVE('',#3321,#3321,#3322,.F.);
#2733=EDGE_CURVE('',#3323,#3323,#3324,.F.);
#2734=EDGE_CURVE('',#3325,#3325,#3326,.F.);
#2735=EDGE_CURVE('',#3327,#3327,#3328,.F.);
#2736=EDGE_CURVE('',#3329,#3329,#3330,.F.);
#2737=EDGE_CURVE('',#3331,#3331,#3332,.F.);
#2738=EDGE_CURVE('',#3333,#3333,#3334,.F.);
#2739=EDGE_CURVE('',#3335,#3335,#3336,.F.);
#2740=EDGE_CURVE('',#3337,#3337,#3338,.F.);
#2741=EDGE_CURVE('',#3339,#3339,#3340,.F.);
#2742=EDGE_CURVE('',#3341,#3341,#3342,.F.);
#2743=EDGE_CURVE('',#3215,#3152,#3343,.F.);
#2744=EDGE_CURVE('',#3212,#3153,#3344,.F.);
#2745=EDGE_CURVE('',#3207,#3155,#3345,.F.);
#2746=EDGE_CURVE('',#3208,#3157,#3346,.F.);
#2747=EDGE_CURVE('',#3227,#3160,#3347,.F.);
#2748=EDGE_CURVE('',#3224,#3161,#3348,.F.);
#2749=EDGE_CURVE('',#3219,#3163,#3349,.F.);
#2750=EDGE_CURVE('',#3220,#3165,#3350,.F.);
#2751=EDGE_CURVE('',#3351,#3351,#3352,.T.);
#2752=EDGE_CURVE('',#3353,#3353,#3354,.T.);
#2753=EDGE_CURVE('',#3355,#3355,#3356,.T.);
#2754=EDGE_CURVE('',#3357,#3357,#3358,.T.);
#2755=EDGE_CURVE('',#3359,#3359,#3360,.T.);
#2756=EDGE_CURVE('',#3361,#3361,#3362,.T.);
#2757=EDGE_CURVE('',#3363,#3363,#3364,.T.);
#2758=EDGE_CURVE('',#3365,#3365,#3366,.T.);
#2759=EDGE_CURVE('',#3367,#3367,#3368,.T.);
#2760=EDGE_CURVE('',#3369,#3369,#3370,.T.);
#2761=EDGE_CURVE('',#3371,#3371,#3372,.T.);
#2762=EDGE_CURVE('',#3373,#3373,#3374,.F.);
#2763=EDGE_CURVE('',#3375,#3375,#3376,.F.);
#2764=EDGE_CURVE('',#3377,#3377,#3378,.F.);
#2765=EDGE_CURVE('',#3379,#3379,#3380,.F.);
#2766=EDGE_CURVE('',#3381,#3381,#3382,.F.);
#2767=EDGE_CURVE('',#3383,#3383,#3384,.T.);
#2768=EDGE_CURVE('',#3385,#3385,#3386,.T.);
#2769=EDGE_CURVE('',#3387,#3387,#3388,.T.);
#2770=EDGE_CURVE('',#3389,#3389,#3390,.T.);
#2771=EDGE_CURVE('',#3391,#3391,#3392,.T.);
#2772=EDGE_CURVE('',#3393,#3393,#3394,.T.);
#2773=EDGE_CURVE('',#3395,#3395,#3396,.F.);
#2774=EDGE_CURVE('',#3397,#3397,#3398,.F.);
#2775=EDGE_CURVE('',#3399,#3399,#3400,.F.);
#2776=EDGE_CURVE('',#3401,#3402,#3403,.F.);
#2777=EDGE_CURVE('',#3404,#3405,#3406,.F.);
#2778=EDGE_CURVE('',#3407,#3407,#3408,.F.);
#2779=EDGE_CURVE('',#3409,#3410,#3411,.F.);
#2780=EDGE_CURVE('',#3412,#3413,#3414,.F.);
#2781=EDGE_CURVE('',#3415,#3416,#3417,.F.);
#2782=EDGE_CURVE('',#3418,#3418,#3419,.F.);
#2783=EDGE_CURVE('',#3420,#3420,#3421,.F.);
#2784=EDGE_CURVE('',#3422,#3422,#3423,.F.);
#2785=VERTEX_POINT('',#3424);
#2786=VERTEX_POINT('',#3425);
#2787=LINE('',#3426,#3427);
#2788=VERTEX_POINT('',#3429);
#2789=LINE('',#3430,#3431);
#2790=VERTEX_POINT('',#3433);
#2791=LINE('',#3434,#3435);
#2792=VERTEX_POINT('',#3437);
#2793=LINE('',#3438,#3439);
#2794=VERTEX_POINT('',#3441);
#2795=LINE('',#3442,#3443);
#2796=VERTEX_POINT('',#3445);
#2797=LINE('',#3446,#3447);
#2798=VERTEX_POINT('',#3449);
#2799=LINE('',#3450,#3451);
#2800=LINE('',#3453,#3454);
#2801=VERTEX_POINT('',#3456);
#2802=VERTEX_POINT('',#3457);
#2803=LINE('',#3458,#3459);
#2804=VERTEX_POINT('',#3461);
#2805=LINE('',#3462,#3463);
#2806=VERTEX_POINT('',#3465);
#2807=LINE('',#3466,#3467);
#2808=LINE('',#3469,#3470);
#2809=VERTEX_POINT('',#3472);
#2810=VERTEX_POINT('',#3473);
#2811=LINE('',#3474,#3475);
#2812=VERTEX_POINT('',#3477);
#2813=LINE('',#3478,#3479);
#2814=VERTEX_POINT('',#3481);
#2815=LINE('',#3482,#3483);
#2816=LINE('',#3485,#3486);
#2817=VERTEX_POINT('',#3488);
#2818=VERTEX_POINT('',#3489);
#2819=LINE('',#3490,#3491);
#2820=VERTEX_POINT('',#3493);
#2821=LINE('',#3494,#3495);
#2822=VERTEX_POINT('',#3497);
#2823=LINE('',#3498,#3499);
#2824=LINE('',#3501,#3502);
#2825=VERTEX_POINT('',#3504);
#2826=VERTEX_POINT('',#3505);
#2827=LINE('',#3506,#3507);
#2828=VERTEX_POINT('',#3509);
#2829=LINE('',#3510,#3511);
#2830=VERTEX_POINT('',#3513);
#2831=LINE('',#3514,#3515);
#2832=LINE('',#3517,#3518);
#2833=VERTEX_POINT('',#3520);
#2834=VERTEX_POINT('',#3521);
#2835=LINE('',#3522,#3523);
#2836=VERTEX_POINT('',#3525);
#2837=LINE('',#3526,#3527);
#2838=VERTEX_POINT('',#3529);
#2839=LINE('',#3530,#3531);
#2840=LINE('',#3533,#3534);
#2841=VERTEX_POINT('',#3536);
#2842=VERTEX_POINT('',#3537);
#2843=LINE('',#3538,#3539);
#2844=CIRCLE('',#3541,3.225);
#2845=CIRCLE('',#3545,3.225);
#2846=LINE('',#3549,#3550);
#2847=VERTEX_POINT('',#3552);
#2848=CIRCLE('',#3553,2.425);
#2849=LINE('',#3557,#3558);
#2850=VERTEX_POINT('',#3560);
#2851=LINE('',#3561,#3562);
#2852=VERTEX_POINT('',#3564);
#2853=LINE('',#3565,#3566);
#2854=VERTEX_POINT('',#3568);
#2855=LINE('',#3569,#3570);
#2856=VERTEX_POINT('',#3572);
#2857=LINE('',#3573,#3574);
#2858=VERTEX_POINT('',#3576);
#2859=LINE('',#3577,#3578);
#2860=VERTEX_POINT('',#3580);
#2861=LINE('',#3581,#3582);
#2862=VERTEX_POINT('',#3584);
#2863=LINE('',#3585,#3586);
#2864=VERTEX_POINT('',#3588);
#2865=LINE('',#3589,#3590);
#2866=VERTEX_POINT('',#3592);
#2867=LINE('',#3593,#3594);
#2868=VERTEX_POINT('',#3596);
#2869=LINE('',#3597,#3598);
#2870=VERTEX_POINT('',#3600);
#2871=LINE('',#3601,#3602);
#2872=VERTEX_POINT('',#3604);
#2873=LINE('',#3605,#3606);
#2874=VERTEX_POINT('',#3608);
#2875=LINE('',#3609,#3610);
#2876=VERTEX_POINT('',#3612);
#2877=LINE('',#3613,#3614);
#2878=VERTEX_POINT('',#3616);
#2879=LINE('',#3617,#3618);
#2880=VERTEX_POINT('',#3620);
#2881=LINE('',#3621,#3622);
#2882=VERTEX_POINT('',#3624);
#2883=LINE('',#3625,#3626);
#2884=VERTEX_POINT('',#3628);
#2885=LINE('',#3629,#3630);
#2886=VERTEX_POINT('',#3632);
#2887=LINE('',#3633,#3634);
#2888=VERTEX_POINT('',#3636);
#2889=LINE('',#3637,#3638);
#2890=VERTEX_POINT('',#3640);
#2891=LINE('',#3641,#3642);
#2892=VERTEX_POINT('',#3644);
#2893=LINE('',#3645,#3646);
#2894=VERTEX_POINT('',#3648);
#2895=LINE('',#3649,#3650);
#2896=VERTEX_POINT('',#3652);
#2897=LINE('',#3653,#3654);
#2898=VERTEX_POINT('',#3656);
#2899=LINE('',#3657,#3658);
#2900=VERTEX_POINT('',#3660);
#2901=LINE('',#3661,#3662);
#2902=LINE('',#3664,#3665);
#2903=VERTEX_POINT('',#3667);
#2904=VERTEX_POINT('',#3668);
#2905=LINE('',#3669,#3670);
#2906=VERTEX_POINT('',#3672);
#2907=LINE('',#3673,#3674);
#2908=VERTEX_POINT('',#3676);
#2909=LINE('',#3677,#3678);
#2910=LINE('',#3680,#3681);
#2911=VERTEX_POINT('',#3683);
#2912=VERTEX_POINT('',#3684);
#2913=CIRCLE('',#3685,3.985);
#2914=VERTEX_POINT('',#3689);
#2915=LINE('',#3690,#3691);
#2916=VERTEX_POINT('',#3693);
#2917=CIRCLE('',#3694,3.98500000000001);
#2918=VERTEX_POINT('',#3698);
#2919=LINE('',#3699,#3700);
#2920=VERTEX_POINT('',#3702);
#2921=CIRCLE('',#3703,3.985);
#2922=VERTEX_POINT('',#3707);
#2923=LINE('',#3708,#3709);
#2924=VERTEX_POINT('',#3711);
#2925=CIRCLE('',#3712,3.98500000000001);
#2926=LINE('',#3716,#3717);
#2927=VERTEX_POINT('',#3719);
#2928=LINE('',#3720,#3721);
#2929=LINE('',#3723,#3724);
#2930=VERTEX_POINT('',#3726);
#2931=VERTEX_POINT('',#3727);
#2932=LINE('',#3728,#3729);
#2933=VERTEX_POINT('',#3731);
#2934=LINE('',#3732,#3733);
#2935=VERTEX_POINT('',#3735);
#2936=LINE('',#3736,#3737);
#2937=VERTEX_POINT('',#3739);
#2938=LINE('',#3740,#3741);
#2939=VERTEX_POINT('',#3743);
#2940=LINE('',#3744,#3745);
#2941=VERTEX_POINT('',#3747);
#2942=LINE('',#3748,#3749);
#2943=VERTEX_POINT('',#3751);
#2944=LINE('',#3752,#3753);
#2945=VERTEX_POINT('',#3755);
#2946=LINE('',#3756,#3757);
#2947=VERTEX_POINT('',#3759);
#2948=LINE('',#3760,#3761);
#2949=LINE('',#3763,#3764);
#2950=VERTEX_POINT('',#3766);
#2951=LINE('',#3767,#3768);
#2952=VERTEX_POINT('',#3770);
#2953=LINE('',#3771,#3772);
#2954=VERTEX_POINT('',#3774);
#2955=LINE('',#3775,#3776);
#2956=VERTEX_POINT('',#3778);
#2957=LINE('',#3779,#3780);
#2958=VERTEX_POINT('',#3782);
#2959=LINE('',#3783,#3784);
#2960=VERTEX_POINT('',#3786);
#2961=LINE('',#3787,#3788);
#2962=VERTEX_POINT('',#3790);
#2963=LINE('',#3791,#3792);
#2964=VERTEX_POINT('',#3794);
#2965=LINE('',#3795,#3796);
#2966=VERTEX_POINT('',#3798);
#2967=LINE('',#3799,#3800);
#2968=VERTEX_POINT('',#3802);
#2969=LINE('',#3803,#3804);
#2970=VERTEX_POINT('',#3806);
#2971=LINE('',#3807,#3808);
#2972=LINE('',#3810,#3811);
#2973=VERTEX_POINT('',#3813);
#2974=VERTEX_POINT('',#3814);
#2975=CIRCLE('',#3815,1.65);
#2976=VERTEX_POINT('',#3819);
#2977=LINE('',#3820,#3821);
#2978=VERTEX_POINT('',#3823);
#2979=CIRCLE('',#3824,1.65);
#2980=LINE('',#3828,#3829);
#2981=VERTEX_POINT('',#3831);
#2982=VERTEX_POINT('',#3832);
#2983=LINE('',#3833,#3834);
#2984=VERTEX_POINT('',#3836);
#2985=LINE('',#3837,#3838);
#2986=VERTEX_POINT('',#3840);
#2987=LINE('',#3841,#3842);
#2988=LINE('',#3844,#3845);
#2989=VERTEX_POINT('',#3847);
#2990=CIRCLE('',#3848,2.425);
#2991=VERTEX_POINT('',#3852);
#2992=CIRCLE('',#3853,2.425);
#2993=CIRCLE('',#3857,2.425);
#2994=VERTEX_POINT('',#3861);
#2995=CIRCLE('',#3862,2.425);
#2996=CIRCLE('',#3866,2.425);
#2997=LINE('',#3870,#3871);
#2998=VERTEX_POINT('',#3873);
#2999=CIRCLE('',#3874,2.425);
#3000=CIRCLE('',#3878,2.425);
#3001=VERTEX_POINT('',#3882);
#3002=CIRCLE('',#3883,2.425);
#3003=CIRCLE('',#3887,2.425);
#3004=VERTEX_POINT('',#3891);
#3005=CIRCLE('',#3892,2.425);
#3006=CIRCLE('',#3896,2.425);
#3007=VERTEX_POINT('',#3900);
#3008=CIRCLE('',#3901,2.425);
#3009=CIRCLE('',#3905,2.425);
#3010=VERTEX_POINT('',#3909);
#3011=CIRCLE('',#3910,2.425);
#3012=CIRCLE('',#3914,2.425);
#3013=VERTEX_POINT('',#3918);
#3014=CIRCLE('',#3919,2.425);
#3015=CIRCLE('',#3923,2.425);
#3016=VERTEX_POINT('',#3927);
#3017=CIRCLE('',#3928,2.425);
#3018=CIRCLE('',#3932,2.425);
#3019=CIRCLE('',#3936,2.425);
#3020=VERTEX_POINT('',#3940);
#3021=VERTEX_POINT('',#3941);
#3022=CIRCLE('',#3942,2.425);
#3023=CIRCLE('',#3946,2.425);
#3024=CIRCLE('',#3950,3.22499999999999);
#3025=CIRCLE('',#3954,3.22499999999999);
#3026=VERTEX_POINT('',#3958);
#3027=VERTEX_POINT('',#3959);
#3028=CIRCLE('',#3960,2.425);
#3029=CIRCLE('',#3964,2.425);
#3030=VERTEX_POINT('',#3968);
#3031=CIRCLE('',#3969,2.42499999999999);
#3032=CIRCLE('',#3973,3.22499999999999);
#3033=CIRCLE('',#3977,3.22499999999999);
#3034=VERTEX_POINT('',#3981);
#3035=VERTEX_POINT('',#3982);
#3036=CIRCLE('',#3983,2.425);
#3037=CIRCLE('',#3987,2.425);
#3038=VERTEX_POINT('',#3991);
#3039=CIRCLE('',#3992,2.42499999999999);
#3040=CIRCLE('',#3996,3.22499999999998);
#3041=CIRCLE('',#4000,3.22499999999998);
#3042=VERTEX_POINT('',#4004);
#3043=VERTEX_POINT('',#4005);
#3044=CIRCLE('',#4006,2.425);
#3045=CIRCLE('',#4010,2.425);
#3046=VERTEX_POINT('',#4014);
#3047=CIRCLE('',#4015,2.42499999999998);
#3048=CIRCLE('',#4019,3.22499999999998);
#3049=CIRCLE('',#4023,3.22499999999998);
#3050=VERTEX_POINT('',#4027);
#3051=VERTEX_POINT('',#4028);
#3052=CIRCLE('',#4029,2.425);
#3053=CIRCLE('',#4033,2.425);
#3054=VERTEX_POINT('',#4037);
#3055=CIRCLE('',#4038,2.42499999999998);
#3056=CIRCLE('',#4042,3.225);
#3057=CIRCLE('',#4046,3.225);
#3058=VERTEX_POINT('',#4050);
#3059=VERTEX_POINT('',#4051);
#3060=CIRCLE('',#4052,2.425);
#3061=CIRCLE('',#4056,2.425);
#3062=VERTEX_POINT('',#4060);
#3063=CIRCLE('',#4061,2.425);
#3064=CIRCLE('',#4065,2.425);
#3065=VERTEX_POINT('',#4069);
#3066=CIRCLE('',#4070,2.425);
#3067=CIRCLE('',#4074,2.425);
#3068=VERTEX_POINT('',#4078);
#3069=CIRCLE('',#4079,2.425);
#3070=CIRCLE('',#4083,2.425);
#3071=VERTEX_POINT('',#4087);
#3072=CIRCLE('',#4088,2.425);
#3073=CIRCLE('',#4092,2.425);
#3074=VERTEX_POINT('',#4096);
#3075=CIRCLE('',#4097,2.425);
#3076=CIRCLE('',#4101,2.425);
#3077=VERTEX_POINT('',#4105);
#3078=CIRCLE('',#4106,2.425);
#3079=VERTEX_POINT('',#4110);
#3080=VERTEX_POINT('',#4111);
#3081=LINE('',#4112,#4113);
#3082=LINE('',#4115,#4116);
#3083=LINE('',#4118,#4119);
#3084=VERTEX_POINT('',#4121);
#3085=VERTEX_POINT('',#4122);
#3086=LINE('',#4123,#4124);
#3087=VERTEX_POINT('',#4126);
#3088=LINE('',#4127,#4128);
#3089=VERTEX_POINT('',#4130);
#3090=LINE('',#4131,#4132);
#3091=LINE('',#4134,#4135);
#3092=VERTEX_POINT('',#4137);
#3093=VERTEX_POINT('',#4138);
#3094=LINE('',#4139,#4140);
#3095=VERTEX_POINT('',#4142);
#3096=LINE('',#4143,#4144);
#3097=VERTEX_POINT('',#4146);
#3098=LINE('',#4147,#4148);
#3099=LINE('',#4150,#4151);
#3100=VERTEX_POINT('',#4153);
#3101=VERTEX_POINT('',#4154);
#3102=LINE('',#4155,#4156);
#3103=VERTEX_POINT('',#4158);
#3104=LINE('',#4159,#4160);
#3105=VERTEX_POINT('',#4162);
#3106=LINE('',#4163,#4164);
#3107=LINE('',#4166,#4167);
#3108=VERTEX_POINT('',#4169);
#3109=VERTEX_POINT('',#4170);
#3110=LINE('',#4171,#4172);
#3111=VERTEX_POINT('',#4174);
#3112=LINE('',#4175,#4176);
#3113=VERTEX_POINT('',#4178);
#3114=LINE('',#4179,#4180);
#3115=LINE('',#4182,#4183);
#3116=VERTEX_POINT('',#4185);
#3117=VERTEX_POINT('',#4186);
#3118=LINE('',#4187,#4188);
#3119=VERTEX_POINT('',#4190);
#3120=LINE('',#4191,#4192);
#3121=VERTEX_POINT('',#4194);
#3122=LINE('',#4195,#4196);
#3123=LINE('',#4198,#4199);
#3124=CIRCLE('',#4201,3.22499999999999);
#3125=VERTEX_POINT('',#4205);
#3126=VERTEX_POINT('',#4206);
#3127=CIRCLE('',#4207,2.425);
#3128=CIRCLE('',#4211,2.425);
#3129=CIRCLE('',#4215,3.22499999999999);
#3130=VERTEX_POINT('',#4219);
#3131=CIRCLE('',#4220,2.42499999999999);
#3132=VERTEX_POINT('',#4224);
#3133=VERTEX_POINT('',#4225);
#3134=LINE('',#4226,#4227);
#3135=LINE('',#4229,#4230);
#3136=LINE('',#4232,#4233);
#3137=VERTEX_POINT('',#4235);
#3138=LINE('',#4236,#4237);
#3139=LINE('',#4239,#4240);
#3140=VERTEX_POINT('',#4242);
#3141=LINE('',#4243,#4244);
#3142=LINE('',#4246,#4247);
#3143=LINE('',#4249,#4250);
#3144=VERTEX_POINT('',#4252);
#3145=LINE('',#4253,#4254);
#3146=VERTEX_POINT('',#4256);
#3147=LINE('',#4257,#4258);
#3148=CIRCLE('',#4260,3.985);
#3149=VERTEX_POINT('',#4264);
#3150=LINE('',#4265,#4266);
#3151=LINE('',#4268,#4269);
#3152=VERTEX_POINT('',#4271);
#3153=VERTEX_POINT('',#4272);
#3154=CIRCLE('',#4273,2.15);
#3155=VERTEX_POINT('',#4277);
#3156=LINE('',#4278,#4279);
#3157=VERTEX_POINT('',#4281);
#3158=CIRCLE('',#4282,2.15);
#3159=LINE('',#4286,#4287);
#3160=VERTEX_POINT('',#4289);
#3161=VERTEX_POINT('',#4290);
#3162=LINE('',#4291,#4292);
#3163=VERTEX_POINT('',#4294);
#3164=LINE('',#4295,#4296);
#3165=VERTEX_POINT('',#4298);
#3166=LINE('',#4299,#4300);
#3167=LINE('',#4302,#4303);
#3168=VERTEX_POINT('',#4305);
#3169=CIRCLE('',#4306,3.985);
#3170=LINE('',#4310,#4311);
#3171=VERTEX_POINT('',#4313);
#3172=LINE('',#4314,#4315);
#3173=LINE('',#4317,#4318);
#3174=VERTEX_POINT('',#4320);
#3175=LINE('',#4321,#4322);
#3176=CIRCLE('',#4324,3.98499999999999);
#3177=VERTEX_POINT('',#4328);
#3178=LINE('',#4329,#4330);
#3179=LINE('',#4332,#4333);
#3180=VERTEX_POINT('',#4335);
#3181=VERTEX_POINT('',#4336);
#3182=LINE('',#4337,#4338);
#3183=VERTEX_POINT('',#4340);
#3184=LINE('',#4341,#4342);
#3185=VERTEX_POINT('',#4344);
#3186=LINE('',#4345,#4346);
#3187=LINE('',#4348,#4349);
#3188=VERTEX_POINT('',#4351);
#3189=CIRCLE('',#4352,3.985);
#3190=LINE('',#4356,#4357);
#3191=LINE('',#4359,#4360);
#3192=CIRCLE('',#4362,2.425);
#3193=VERTEX_POINT('',#4366);
#3194=CIRCLE('',#4367,2.425);
#3195=CIRCLE('',#4371,2.425);
#3196=VERTEX_POINT('',#4375);
#3197=CIRCLE('',#4376,2.425);
#3198=CIRCLE('',#4380,2.425);
#3199=VERTEX_POINT('',#4384);
#3200=CIRCLE('',#4385,2.425);
#3201=CIRCLE('',#4389,2.425);
#3202=VERTEX_POINT('',#4393);
#3203=CIRCLE('',#4394,2.425);
#3204=CIRCLE('',#4398,2.425);
#3205=VERTEX_POINT('',#4402);
#3206=CIRCLE('',#4403,2.425);
#3207=VERTEX_POINT('',#4407);
#3208=VERTEX_POINT('',#4408);
#3209=CIRCLE('',#4409,1.65);
#3210=LINE('',#4413,#4414);
#3211=LINE('',#4416,#4417);
#3212=VERTEX_POINT('',#4419);
#3213=LINE('',#4420,#4421);
#3214=LINE('',#4423,#4424);
#3215=VERTEX_POINT('',#4426);
#3216=CIRCLE('',#4427,1.65);
#3217=LINE('',#4431,#4432);
#3218=LINE('',#4434,#4435);
#3219=VERTEX_POINT('',#4437);
#3220=VERTEX_POINT('',#4438);
#3221=LINE('',#4439,#4440);
#3222=LINE('',#4442,#4443);
#3223=LINE('',#4445,#4446);
#3224=VERTEX_POINT('',#4448);
#3225=LINE('',#4449,#4450);
#3226=LINE('',#4452,#4453);
#3227=VERTEX_POINT('',#4455);
#3228=LINE('',#4456,#4457);
#3229=LINE('',#4459,#4460);
#3230=LINE('',#4462,#4463);
#3231=VERTEX_POINT('',#4465);
#3232=CIRCLE('',#4466,2.425);
#3233=VERTEX_POINT('',#4470);
#3234=CIRCLE('',#4471,2.425);
#3235=VERTEX_POINT('',#4475);
#3236=CIRCLE('',#4476,2.425);
#3237=VERTEX_POINT('',#4480);
#3238=CIRCLE('',#4481,2.425);
#3239=VERTEX_POINT('',#4485);
#3240=CIRCLE('',#4486,2.425);
#3241=VERTEX_POINT('',#4490);
#3242=CIRCLE('',#4491,2.425);
#3243=VERTEX_POINT('',#4495);
#3244=CIRCLE('',#4496,3.25);
#3245=VERTEX_POINT('',#4500);
#3246=CIRCLE('',#4501,3.25);
#3247=VERTEX_POINT('',#4505);
#3248=CIRCLE('',#4506,3.25);
#3249=VERTEX_POINT('',#4510);
#3250=CIRCLE('',#4511,3.25);
#3251=VERTEX_POINT('',#4515);
#3252=CIRCLE('',#4516,3.25);
#3253=CIRCLE('',#4520,3.22499999999999);
#3254=CIRCLE('',#4524,3.22499999999999);
#3255=VERTEX_POINT('',#4528);
#3256=VERTEX_POINT('',#4529);
#3257=CIRCLE('',#4530,2.425);
#3258=CIRCLE('',#4534,2.425);
#3259=VERTEX_POINT('',#4538);
#3260=CIRCLE('',#4539,2.42499999999999);
#3261=CIRCLE('',#4543,3.22499999999999);
#3262=CIRCLE('',#4547,3.22499999999999);
#3263=VERTEX_POINT('',#4551);
#3264=VERTEX_POINT('',#4552);
#3265=CIRCLE('',#4553,2.425);
#3266=CIRCLE('',#4557,2.425);
#3267=VERTEX_POINT('',#4561);
#3268=CIRCLE('',#4562,2.42499999999999);
#3269=CIRCLE('',#4566,3.225);
#3270=CIRCLE('',#4570,3.225);
#3271=VERTEX_POINT('',#4574);
#3272=VERTEX_POINT('',#4575);
#3273=CIRCLE('',#4576,2.425);
#3274=CIRCLE('',#4580,2.425);
#3275=VERTEX_POINT('',#4584);
#3276=CIRCLE('',#4585,2.42500000000001);
#3277=CIRCLE('',#4589,3.22500000000001);
#3278=CIRCLE('',#4593,3.22500000000001);
#3279=VERTEX_POINT('',#4597);
#3280=VERTEX_POINT('',#4598);
#3281=CIRCLE('',#4599,2.425);
#3282=CIRCLE('',#4603,2.425);
#3283=VERTEX_POINT('',#4607);
#3284=CIRCLE('',#4608,2.42500000000001);
#3285=CIRCLE('',#4612,3.22500000000001);
#3286=CIRCLE('',#4616,3.22500000000001);
#3287=VERTEX_POINT('',#4620);
#3288=VERTEX_POINT('',#4621);
#3289=CIRCLE('',#4622,2.425);
#3290=CIRCLE('',#4626,2.425);
#3291=VERTEX_POINT('',#4630);
#3292=CIRCLE('',#4631,2.42500000000001);
#3293=VERTEX_POINT('',#4635);
#3294=CIRCLE('',#4636,2.425);
#3295=LINE('',#4640,#4641);
#3296=LINE('',#4643,#4644);
#3297=LINE('',#4646,#4647);
#3298=LINE('',#4649,#4650);
#3299=VERTEX_POINT('',#4652);
#3300=CIRCLE('',#4653,3.25);
#3301=VERTEX_POINT('',#4657);
#3302=CIRCLE('',#4658,3.25);
#3303=VERTEX_POINT('',#4662);
#3304=CIRCLE('',#4663,3.25);
#3305=VERTEX_POINT('',#4667);
#3306=CIRCLE('',#4668,3.25);
#3307=VERTEX_POINT('',#4672);
#3308=CIRCLE('',#4673,3.25);
#3309=VERTEX_POINT('',#4677);
#3310=CIRCLE('',#4678,3.25);
#3311=VERTEX_POINT('',#4682);
#3312=CIRCLE('',#4683,3.25);
#3313=VERTEX_POINT('',#4687);
#3314=CIRCLE('',#4688,3.25);
#3315=VERTEX_POINT('',#4692);
#3316=CIRCLE('',#4693,3.25);
#3317=VERTEX_POINT('',#4697);
#3318=CIRCLE('',#4698,3.25);
#3319=VERTEX_POINT('',#4702);
#3320=CIRCLE('',#4703,3.25);
#3321=VERTEX_POINT('',#4707);
#3322=CIRCLE('',#4708,3.25);
#3323=VERTEX_POINT('',#4712);
#3324=CIRCLE('',#4713,3.25);
#3325=VERTEX_POINT('',#4717);
#3326=CIRCLE('',#4718,3.25);
#3327=VERTEX_POINT('',#4722);
#3328=CIRCLE('',#4723,3.25);
#3329=VERTEX_POINT('',#4727);
#3330=CIRCLE('',#4728,3.25);
#3331=VERTEX_POINT('',#4732);
#3332=CIRCLE('',#4733,3.25);
#3333=VERTEX_POINT('',#4737);
#3334=CIRCLE('',#4738,3.25);
#3335=VERTEX_POINT('',#4742);
#3336=CIRCLE('',#4743,3.25);
#3337=VERTEX_POINT('',#4747);
#3338=CIRCLE('',#4748,3.25);
#3339=VERTEX_POINT('',#4752);
#3340=CIRCLE('',#4753,3.25);
#3341=VERTEX_POINT('',#4757);
#3342=CIRCLE('',#4758,3.25);
#3343=CIRCLE('',#4762,0.5);
#3344=CIRCLE('',#4766,0.5);
#3345=CIRCLE('',#4770,0.5);
#3346=CIRCLE('',#4774,0.5);
#3347=LINE('',#4778,#4779);
#3348=LINE('',#4781,#4782);
#3349=LINE('',#4784,#4785);
#3350=LINE('',#4787,#4788);
#3351=VERTEX_POINT('',#4790);
#3352=CIRCLE('',#4791,3.25);
#3353=VERTEX_POINT('',#4795);
#3354=CIRCLE('',#4796,3.25);
#3355=VERTEX_POINT('',#4800);
#3356=CIRCLE('',#4801,3.25);
#3357=VERTEX_POINT('',#4805);
#3358=CIRCLE('',#4806,3.25);
#3359=VERTEX_POINT('',#4810);
#3360=CIRCLE('',#4811,3.25);
#3361=VERTEX_POINT('',#4815);
#3362=CIRCLE('',#4816,3.25);
#3363=VERTEX_POINT('',#4820);
#3364=CIRCLE('',#4821,3.25);
#3365=VERTEX_POINT('',#4825);
#3366=CIRCLE('',#4826,3.25);
#3367=VERTEX_POINT('',#4830);
#3368=CIRCLE('',#4831,3.25);
#3369=VERTEX_POINT('',#4835);
#3370=CIRCLE('',#4836,3.25);
#3371=VERTEX_POINT('',#4840);
#3372=CIRCLE('',#4841,3.25);
#3373=VERTEX_POINT('',#4845);
#3374=CIRCLE('',#4846,2.425);
#3375=VERTEX_POINT('',#4850);
#3376=CIRCLE('',#4851,2.425);
#3377=VERTEX_POINT('',#4855);
#3378=CIRCLE('',#4856,2.425);
#3379=VERTEX_POINT('',#4860);
#3380=CIRCLE('',#4861,2.425);
#3381=VERTEX_POINT('',#4865);
#3382=CIRCLE('',#4866,2.425);
#3383=VERTEX_POINT('',#4870);
#3384=CIRCLE('',#4871,3.25);
#3385=VERTEX_POINT('',#4875);
#3386=CIRCLE('',#4876,3.25);
#3387=VERTEX_POINT('',#4880);
#3388=CIRCLE('',#4881,3.25);
#3389=VERTEX_POINT('',#4885);
#3390=CIRCLE('',#4886,3.25);
#3391=VERTEX_POINT('',#4890);
#3392=CIRCLE('',#4891,3.25);
#3393=VERTEX_POINT('',#4895);
#3394=CIRCLE('',#4896,3.25);
#3395=VERTEX_POINT('',#4900);
#3396=CIRCLE('',#4901,2.425);
#3397=VERTEX_POINT('',#4905);
#3398=CIRCLE('',#4906,2.42500000000001);
#3399=VERTEX_POINT('',#4910);
#3400=CIRCLE('',#4911,2.42500000000001);
#3401=VERTEX_POINT('',#4915);
#3402=VERTEX_POINT('',#4916);
#3403=CIRCLE('',#4917,2.42499999999998);
#3404=VERTEX_POINT('',#4921);
#3405=VERTEX_POINT('',#4922);
#3406=CIRCLE('',#4923,2.42499999999998);
#3407=VERTEX_POINT('',#4927);
#3408=CIRCLE('',#4928,2.42500000000001);
#3409=VERTEX_POINT('',#4932);
#3410=VERTEX_POINT('',#4933);
#3411=CIRCLE('',#4934,2.425);
#3412=VERTEX_POINT('',#4938);
#3413=VERTEX_POINT('',#4939);
#3414=CIRCLE('',#4940,2.42499999999999);
#3415=VERTEX_POINT('',#4944);
#3416=VERTEX_POINT('',#4945);
#3417=CIRCLE('',#4946,2.42499999999999);
#3418=VERTEX_POINT('',#4950);
#3419=CIRCLE('',#4951,2.42499999999999);
#3420=VERTEX_POINT('',#4955);
#3421=CIRCLE('',#4956,2.42499999999999);
#3422=VERTEX_POINT('',#4960);
#3423=CIRCLE('',#4961,2.42499999999999);
#3424=CARTESIAN_POINT('',(31.5041048940476,21.0000000000001,4.8));
#3425=CARTESIAN_POINT('',(31.5041048940476,21.0000000000001,6.8));
#3426=CARTESIAN_POINT('',(31.5041048940475,21.,6.8));
#3427=VECTOR('',#3428,1.);
#3428=DIRECTION('',(0.,0.,-1.));
#3429=CARTESIAN_POINT('',(33.,21.,6.8));
#3430=CARTESIAN_POINT('',(31.5041048940478,21.,6.8));
#3431=VECTOR('',#3432,1.);
#3432=DIRECTION('',(1.,0.,0.));
#3433=CARTESIAN_POINT('',(33.,21.,51.));
#3434=CARTESIAN_POINT('',(33.,21.,6.8));
#3435=VECTOR('',#3436,1.);
#3436=DIRECTION('',(0.,0.,1.));
#3437=CARTESIAN_POINT('',(-33.,21.,51.));
#3438=CARTESIAN_POINT('',(-33.,21.,51.));
#3439=VECTOR('',#3440,1.);
#3440=DIRECTION('',(1.,-1.07657990266682E-16,0.));
#3441=CARTESIAN_POINT('',(-33.,21.,1.));
#3442=CARTESIAN_POINT('',(-33.,21.,1.));
#3443=VECTOR('',#3444,1.);
#3444=DIRECTION('',(0.,0.,1.));
#3445=CARTESIAN_POINT('',(33.,21.,1.));
#3446=CARTESIAN_POINT('',(33.,21.,1.));
#3447=VECTOR('',#3448,1.);
#3448=DIRECTION('',(-1.,1.61486985400023E-16,0.));
#3449=CARTESIAN_POINT('',(33.,21.,4.8));
#3450=CARTESIAN_POINT('',(33.,21.,1.));
#3451=VECTOR('',#3452,1.);
#3452=DIRECTION('',(0.,0.,1.));
#3453=CARTESIAN_POINT('',(31.5041048940478,21.,4.8));
#3454=VECTOR('',#3455,1.);
#3455=DIRECTION('',(1.,0.,0.));
#3456=CARTESIAN_POINT('',(26.355895105952,20.9999999999999,6.8));
#3457=CARTESIAN_POINT('',(26.355895105952,20.9999999999999,4.8));
#3458=CARTESIAN_POINT('',(26.355895105952,21.,6.8));
#3459=VECTOR('',#3460,1.);
#3460=DIRECTION('',(0.,0.,-1.));
#3461=CARTESIAN_POINT('',(23.5341048940476,21.0000000000001,4.8));
#3462=CARTESIAN_POINT('',(23.5341048940478,21.,4.8));
#3463=VECTOR('',#3464,1.);
#3464=DIRECTION('',(1.,0.,0.));
#3465=CARTESIAN_POINT('',(23.5341048940476,21.0000000000001,6.8));
#3466=CARTESIAN_POINT('',(23.5341048940476,21.,6.8));
#3467=VECTOR('',#3468,1.);
#3468=DIRECTION('',(0.,0.,-1.));
#3469=CARTESIAN_POINT('',(23.5341048940478,21.,6.8));
#3470=VECTOR('',#3471,1.);
#3471=DIRECTION('',(1.,0.,0.));
#3472=CARTESIAN_POINT('',(18.3858951059524,21.0000000000001,6.8));
#3473=CARTESIAN_POINT('',(18.3858951059524,21.0000000000001,4.8));
#3474=CARTESIAN_POINT('',(18.3858951059524,21.,6.8));
#3475=VECTOR('',#3476,1.);
#3476=DIRECTION('',(0.,0.,-1.));
#3477=CARTESIAN_POINT('',(15.5641048940475,21.0000000000001,4.8));
#3478=CARTESIAN_POINT('',(15.5641048940478,21.,4.8));
#3479=VECTOR('',#3480,1.);
#3480=DIRECTION('',(1.,-1.2590282806328E-15,0.));
#3481=CARTESIAN_POINT('',(15.5641048940475,21.0000000000001,6.8));
#3482=CARTESIAN_POINT('',(15.5641048940475,21.0000000000001,6.8));
#3483=VECTOR('',#3484,1.);
#3484=DIRECTION('',(0.,0.,-1.));
#3485=CARTESIAN_POINT('',(15.5641048940478,21.,6.8));
#3486=VECTOR('',#3487,1.);
#3487=DIRECTION('',(1.,-1.2590282806328E-15,0.));
#3488=CARTESIAN_POINT('',(-13.5641048940478,21.,6.8));
#3489=CARTESIAN_POINT('',(-13.5641048940478,21.,4.8));
#3490=CARTESIAN_POINT('',(-13.5641048940478,21.,6.8));
#3491=VECTOR('',#3492,1.);
#3492=DIRECTION('',(0.,0.,-1.));
#3493=CARTESIAN_POINT('',(-16.3858951059522,21.,4.8));
#3494=CARTESIAN_POINT('',(-16.3858951059522,21.,4.8));
#3495=VECTOR('',#3496,1.);
#3496=DIRECTION('',(1.,0.,0.));
#3497=CARTESIAN_POINT('',(-16.3858951059522,21.,6.8));
#3498=CARTESIAN_POINT('',(-16.3858951059522,21.,6.8));
#3499=VECTOR('',#3500,1.);
#3500=DIRECTION('',(0.,0.,-1.));
#3501=CARTESIAN_POINT('',(-16.3858951059522,21.,6.8));
#3502=VECTOR('',#3503,1.);
#3503=DIRECTION('',(1.,0.,0.));
#3504=CARTESIAN_POINT('',(-21.5341048940478,21.,6.8));
#3505=CARTESIAN_POINT('',(-21.5341048940478,21.,4.8));
#3506=CARTESIAN_POINT('',(-21.5341048940478,21.,6.8));
#3507=VECTOR('',#3508,1.);
#3508=DIRECTION('',(0.,0.,-1.));
#3509=CARTESIAN_POINT('',(-24.3558951059522,21.,4.8));
#3510=CARTESIAN_POINT('',(-24.3558951059522,21.,4.8));
#3511=VECTOR('',#3512,1.);
#3512=DIRECTION('',(1.,0.,0.));
#3513=CARTESIAN_POINT('',(-24.3558951059522,21.,6.8));
#3514=CARTESIAN_POINT('',(-24.3558951059522,21.,6.8));
#3515=VECTOR('',#3516,1.);
#3516=DIRECTION('',(0.,0.,-1.));
#3517=CARTESIAN_POINT('',(-24.3558951059522,21.,6.8));
#3518=VECTOR('',#3519,1.);
#3519=DIRECTION('',(1.,0.,0.));
#3520=CARTESIAN_POINT('',(-29.5041048940478,21.,6.8));
#3521=CARTESIAN_POINT('',(-29.5041048940478,21.,4.8));
#3522=CARTESIAN_POINT('',(-29.5041048940478,21.,6.8));
#3523=VECTOR('',#3524,1.);
#3524=DIRECTION('',(0.,0.,-1.));
#3525=CARTESIAN_POINT('',(-32.3258951059523,21.,4.8));
#3526=CARTESIAN_POINT('',(-32.3258951059523,21.,4.8));
#3527=VECTOR('',#3528,1.);
#3528=DIRECTION('',(1.,0.,0.));
#3529=CARTESIAN_POINT('',(-32.3258951059523,21.,6.8));
#3530=CARTESIAN_POINT('',(-32.3258951059523,21.,6.8));
#3531=VECTOR('',#3532,1.);
#3532=DIRECTION('',(0.,0.,-1.));
#3533=CARTESIAN_POINT('',(-32.3258951059523,21.,6.8));
#3534=VECTOR('',#3535,1.);
#3535=DIRECTION('',(1.,0.,0.));
#3536=CARTESIAN_POINT('',(33.,20.6761203496408,6.8));
#3537=CARTESIAN_POINT('',(33.,20.6761203496408,4.8));
#3538=CARTESIAN_POINT('',(33.,20.6761203496408,6.8));
#3539=VECTOR('',#3540,1.);
#3540=DIRECTION('',(0.,0.,-1.));
#3541=AXIS2_PLACEMENT_3D('',#3542,#3543,#3544);
#3542=CARTESIAN_POINT('',(32.915,23.9,6.8));
#3543=DIRECTION('',(0.,0.,-1.));
#3544=DIRECTION('',(-0.437486854558892,-0.899224806201523,0.));
#3545=AXIS2_PLACEMENT_3D('',#3546,#3547,#3548);
#3546=CARTESIAN_POINT('',(32.915,23.9,4.8));
#3547=DIRECTION('',(0.,0.,-1.));
#3548=DIRECTION('',(-0.437486854558892,-0.899224806201523,0.));
#3549=CARTESIAN_POINT('',(33.,21.,6.8));
#3550=VECTOR('',#3551,1.);
#3551=DIRECTION('',(0.,-1.,0.));
#3552=CARTESIAN_POINT('',(32.915,26.325,6.8));
#3553=AXIS2_PLACEMENT_3D('',#3554,#3555,#3556);
#3554=CARTESIAN_POINT('',(32.915,23.9,6.8));
#3555=DIRECTION('',(0.,0.,1.));
#3556=DIRECTION('',(-6.12323399573677E-17,1.,0.));
#3557=CARTESIAN_POINT('',(33.,21.,4.8));
#3558=VECTOR('',#3559,1.);
#3559=DIRECTION('',(0.,-1.,0.));
#3560=CARTESIAN_POINT('',(33.,18.3535098514345,1.));
#3561=CARTESIAN_POINT('',(33.,18.3535098514345,1.));
#3562=VECTOR('',#3563,1.);
#3563=DIRECTION('',(0.,1.,0.));
#3564=CARTESIAN_POINT('',(33.,18.3535098514345,4.8));
#3565=CARTESIAN_POINT('',(33.,18.3535098514345,4.8));
#3566=VECTOR('',#3567,1.);
#3567=DIRECTION('',(0.,0.,-1.));
#3568=CARTESIAN_POINT('',(33.,13.5064901485655,4.8));
#3569=CARTESIAN_POINT('',(33.,18.3535098514345,4.8));
#3570=VECTOR('',#3571,1.);
#3571=DIRECTION('',(0.,-1.,0.));
#3572=CARTESIAN_POINT('',(33.,13.5064901485655,1.));
#3573=CARTESIAN_POINT('',(33.,13.5064901485655,4.8));
#3574=VECTOR('',#3575,1.);
#3575=DIRECTION('',(0.,0.,-1.));
#3576=CARTESIAN_POINT('',(33.,10.3835098514345,1.));
#3577=CARTESIAN_POINT('',(33.,10.3835098514345,1.));
#3578=VECTOR('',#3579,1.);
#3579=DIRECTION('',(0.,1.,0.));
#3580=CARTESIAN_POINT('',(33.,10.3835098514345,4.8));
#3581=CARTESIAN_POINT('',(33.,10.3835098514345,4.8));
#3582=VECTOR('',#3583,1.);
#3583=DIRECTION('',(0.,0.,-1.));
#3584=CARTESIAN_POINT('',(33.,5.53649014856551,4.8));
#3585=CARTESIAN_POINT('',(33.,10.3835098514345,4.8));
#3586=VECTOR('',#3587,1.);
#3587=DIRECTION('',(0.,-1.,0.));
#3588=CARTESIAN_POINT('',(33.,5.53649014856551,1.));
#3589=CARTESIAN_POINT('',(33.,5.53649014856551,4.8));
#3590=VECTOR('',#3591,1.);
#3591=DIRECTION('',(0.,2.3373116307898E-16,-1.));
#3592=CARTESIAN_POINT('',(33.,2.41350985143448,1.));
#3593=CARTESIAN_POINT('',(33.,2.41350985143448,1.));
#3594=VECTOR('',#3595,1.);
#3595=DIRECTION('',(0.,1.,0.));
#3596=CARTESIAN_POINT('',(33.,2.41350985143448,4.8));
#3597=CARTESIAN_POINT('',(33.,2.41350985143448,4.8));
#3598=VECTOR('',#3599,1.);
#3599=DIRECTION('',(0.,0.,-1.));
#3600=CARTESIAN_POINT('',(33.,-2.43350985143449,4.8));
#3601=CARTESIAN_POINT('',(33.,2.41350985143448,4.8));
#3602=VECTOR('',#3603,1.);
#3603=DIRECTION('',(0.,-1.,0.));
#3604=CARTESIAN_POINT('',(33.,-2.43350985143449,1.));
#3605=CARTESIAN_POINT('',(33.,-2.43350985143449,4.8));
#3606=VECTOR('',#3607,1.);
#3607=DIRECTION('',(0.,0.,-1.));
#3608=CARTESIAN_POINT('',(33.,-5.53649014856551,1.));
#3609=CARTESIAN_POINT('',(33.,-5.53649014856551,1.));
#3610=VECTOR('',#3611,1.);
#3611=DIRECTION('',(0.,1.,0.));
#3612=CARTESIAN_POINT('',(33.,-5.53649014856551,4.8));
#3613=CARTESIAN_POINT('',(33.,-5.53649014856551,4.8));
#3614=VECTOR('',#3615,1.);
#3615=DIRECTION('',(0.,0.,-1.));
#3616=CARTESIAN_POINT('',(33.,-10.3835098514345,4.8));
#3617=CARTESIAN_POINT('',(33.,-5.53649014856551,4.8));
#3618=VECTOR('',#3619,1.);
#3619=DIRECTION('',(0.,-1.,0.));
#3620=CARTESIAN_POINT('',(33.,-10.3835098514345,1.));
#3621=CARTESIAN_POINT('',(33.,-10.3835098514345,4.8));
#3622=VECTOR('',#3623,1.);
#3623=DIRECTION('',(0.,0.,-1.));
#3624=CARTESIAN_POINT('',(33.,-13.5064901485655,1.));
#3625=CARTESIAN_POINT('',(33.,-13.5064901485655,1.));
#3626=VECTOR('',#3627,1.);
#3627=DIRECTION('',(0.,1.,0.));
#3628=CARTESIAN_POINT('',(33.,-13.5064901485655,4.8));
#3629=CARTESIAN_POINT('',(33.,-13.5064901485655,4.8));
#3630=VECTOR('',#3631,1.);
#3631=DIRECTION('',(0.,0.,-1.));
#3632=CARTESIAN_POINT('',(33.,-18.3535098514345,4.8));
#3633=CARTESIAN_POINT('',(33.,-13.5064901485655,4.8));
#3634=VECTOR('',#3635,1.);
#3635=DIRECTION('',(0.,-1.,0.));
#3636=CARTESIAN_POINT('',(33.,-18.3535098514345,1.));
#3637=CARTESIAN_POINT('',(33.,-18.3535098514345,4.8));
#3638=VECTOR('',#3639,1.);
#3639=DIRECTION('',(0.,0.,-1.));
#3640=CARTESIAN_POINT('',(33.,-21.,1.));
#3641=CARTESIAN_POINT('',(33.,-21.,1.));
#3642=VECTOR('',#3643,1.);
#3643=DIRECTION('',(0.,1.,0.));
#3644=CARTESIAN_POINT('',(33.,-21.,4.8));
#3645=CARTESIAN_POINT('',(33.,-21.,1.));
#3646=VECTOR('',#3647,1.);
#3647=DIRECTION('',(0.,0.,1.));
#3648=CARTESIAN_POINT('',(33.,-20.6761203496408,4.8));
#3649=CARTESIAN_POINT('',(33.,-20.6761203496408,4.8));
#3650=VECTOR('',#3651,1.);
#3651=DIRECTION('',(0.,-1.,0.));
#3652=CARTESIAN_POINT('',(33.,-20.6761203496408,6.8));
#3653=CARTESIAN_POINT('',(33.,-20.6761203496408,6.8));
#3654=VECTOR('',#3655,1.);
#3655=DIRECTION('',(0.,0.,-1.));
#3656=CARTESIAN_POINT('',(33.,-21.,6.8));
#3657=CARTESIAN_POINT('',(33.,-20.6761203496408,6.8));
#3658=VECTOR('',#3659,1.);
#3659=DIRECTION('',(0.,-1.,0.));
#3660=CARTESIAN_POINT('',(33.,-21.,51.));
#3661=CARTESIAN_POINT('',(33.,-21.,6.8));
#3662=VECTOR('',#3663,1.);
#3663=DIRECTION('',(0.,0.,1.));
#3664=CARTESIAN_POINT('',(33.,21.,51.));
#3665=VECTOR('',#3666,1.);
#3666=DIRECTION('',(0.,-1.,0.));
#3667=CARTESIAN_POINT('',(33.,14.71,43.65));
#3668=CARTESIAN_POINT('',(33.,-14.71,43.65));
#3669=CARTESIAN_POINT('',(33.,-14.71,43.65));
#3670=VECTOR('',#3671,1.);
#3671=DIRECTION('',(0.,1.,0.));
#3672=CARTESIAN_POINT('',(33.,-14.71,28.95));
#3673=CARTESIAN_POINT('',(33.,-14.71,28.95));
#3674=VECTOR('',#3675,1.);
#3675=DIRECTION('',(0.,0.,1.));
#3676=CARTESIAN_POINT('',(33.,14.71,28.95));
#3677=CARTESIAN_POINT('',(33.,14.71,28.95));
#3678=VECTOR('',#3679,1.);
#3679=DIRECTION('',(0.,-1.,0.));
#3680=CARTESIAN_POINT('',(33.,14.71,43.65));
#3681=VECTOR('',#3682,1.);
#3682=DIRECTION('',(0.,1.20840601319745E-16,-1.));
#3683=CARTESIAN_POINT('',(-34.9,23.9,51.));
#3684=CARTESIAN_POINT('',(-30.915,27.885,51.));
#3685=AXIS2_PLACEMENT_3D('',#3686,#3687,#3688);
#3686=CARTESIAN_POINT('',(-30.915,23.9,51.));
#3687=DIRECTION('',(0.,0.,1.));
#3688=DIRECTION('',(0.,1.,0.));
#3689=CARTESIAN_POINT('',(-34.9,-23.9,51.));
#3690=CARTESIAN_POINT('',(-34.9,-23.9,51.));
#3691=VECTOR('',#3692,1.);
#3692=DIRECTION('',(1.48649107899603E-16,1.,0.));
#3693=CARTESIAN_POINT('',(-30.915,-27.885,51.));
#3694=AXIS2_PLACEMENT_3D('',#3695,#3696,#3697);
#3695=CARTESIAN_POINT('',(-30.915,-23.9,51.));
#3696=DIRECTION('',(0.,0.,1.));
#3697=DIRECTION('',(-1.,1.78304325159372E-15,0.));
#3698=CARTESIAN_POINT('',(32.915,-27.885,51.));
#3699=CARTESIAN_POINT('',(32.915,-27.885,51.));
#3700=VECTOR('',#3701,1.);
#3701=DIRECTION('',(-1.,1.11317990875779E-16,0.));
#3702=CARTESIAN_POINT('',(36.9,-23.9,51.));
#3703=AXIS2_PLACEMENT_3D('',#3704,#3705,#3706);
#3704=CARTESIAN_POINT('',(32.915,-23.9,51.));
#3705=DIRECTION('',(0.,0.,1.));
#3706=DIRECTION('',(0.,-1.,0.));
#3707=CARTESIAN_POINT('',(36.9,23.9,51.));
#3708=CARTESIAN_POINT('',(36.9,-23.9,51.));
#3709=VECTOR('',#3710,1.);
#3710=DIRECTION('',(2.97298215799205E-16,1.,0.));
#3711=CARTESIAN_POINT('',(32.915,27.885,51.));
#3712=AXIS2_PLACEMENT_3D('',#3713,#3714,#3715);
#3713=CARTESIAN_POINT('',(32.915,23.9,51.));
#3714=DIRECTION('',(0.,0.,1.));
#3715=DIRECTION('',(1.,-1.78304325159372E-15,0.));
#3716=CARTESIAN_POINT('',(-30.915,27.885,51.));
#3717=VECTOR('',#3718,1.);
#3718=DIRECTION('',(1.,-1.66976986313669E-16,0.));
#3719=CARTESIAN_POINT('',(-33.,-21.,51.));
#3720=CARTESIAN_POINT('',(33.,-21.,51.));
#3721=VECTOR('',#3722,1.);
#3722=DIRECTION('',(-1.,1.07657990266682E-16,0.));
#3723=CARTESIAN_POINT('',(-33.,-21.,51.));
#3724=VECTOR('',#3725,1.);
#3725=DIRECTION('',(0.,1.,0.));
#3726=CARTESIAN_POINT('',(-33.,1.22830529353632,4.8));
#3727=CARTESIAN_POINT('',(-33.,1.22830529353632,1.));
#3728=CARTESIAN_POINT('',(-33.,1.22830529353632,4.8));
#3729=VECTOR('',#3730,1.);
#3730=DIRECTION('',(0.,0.,-1.));
#3731=CARTESIAN_POINT('',(-33.,6.7216947064637,1.));
#3732=CARTESIAN_POINT('',(-33.,6.7216947064637,1.));
#3733=VECTOR('',#3734,1.);
#3734=DIRECTION('',(0.,-1.,0.));
#3735=CARTESIAN_POINT('',(-33.,6.7216947064637,4.8));
#3736=CARTESIAN_POINT('',(-33.,6.7216947064637,4.8));
#3737=VECTOR('',#3738,1.);
#3738=DIRECTION('',(0.,0.,-1.));
#3739=CARTESIAN_POINT('',(-33.,9.19830529353632,4.8));
#3740=CARTESIAN_POINT('',(-33.,6.72169470646371,4.8));
#3741=VECTOR('',#3742,1.);
#3742=DIRECTION('',(0.,1.,0.));
#3743=CARTESIAN_POINT('',(-33.,9.19830529353632,1.));
#3744=CARTESIAN_POINT('',(-33.,9.19830529353632,4.8));
#3745=VECTOR('',#3746,1.);
#3746=DIRECTION('',(0.,0.,-1.));
#3747=CARTESIAN_POINT('',(-33.,14.6916947064637,1.));
#3748=CARTESIAN_POINT('',(-33.,14.6916947064637,1.));
#3749=VECTOR('',#3750,1.);
#3750=DIRECTION('',(0.,-1.,0.));
#3751=CARTESIAN_POINT('',(-33.,14.6916947064637,4.8));
#3752=CARTESIAN_POINT('',(-33.,14.6916947064637,4.8));
#3753=VECTOR('',#3754,1.);
#3754=DIRECTION('',(0.,0.,-1.));
#3755=CARTESIAN_POINT('',(-33.,17.1683052935363,4.8));
#3756=CARTESIAN_POINT('',(-33.,14.6916947064637,4.8));
#3757=VECTOR('',#3758,1.);
#3758=DIRECTION('',(0.,1.,0.));
#3759=CARTESIAN_POINT('',(-33.,17.1683052935363,1.));
#3760=CARTESIAN_POINT('',(-33.,17.1683052935363,4.8));
#3761=VECTOR('',#3762,1.);
#3762=DIRECTION('',(0.,0.,-1.));
#3763=CARTESIAN_POINT('',(-33.,21.,1.));
#3764=VECTOR('',#3765,1.);
#3765=DIRECTION('',(0.,-1.,0.));
#3766=CARTESIAN_POINT('',(-33.,-21.,1.));
#3767=CARTESIAN_POINT('',(-33.,-21.,1.));
#3768=VECTOR('',#3769,1.);
#3769=DIRECTION('',(0.,0.,1.));
#3770=CARTESIAN_POINT('',(-33.,-17.1683052935363,1.));
#3771=CARTESIAN_POINT('',(-33.,-17.1683052935363,1.));
#3772=VECTOR('',#3773,1.);
#3773=DIRECTION('',(0.,-1.,0.));
#3774=CARTESIAN_POINT('',(-33.,-17.1683052935363,4.8));
#3775=CARTESIAN_POINT('',(-33.,-17.1683052935363,4.8));
#3776=VECTOR('',#3777,1.);
#3777=DIRECTION('',(0.,0.,-1.));
#3778=CARTESIAN_POINT('',(-33.,-14.6916947064637,4.8));
#3779=CARTESIAN_POINT('',(-33.,-17.1683052935363,4.8));
#3780=VECTOR('',#3781,1.);
#3781=DIRECTION('',(0.,1.,0.));
#3782=CARTESIAN_POINT('',(-33.,-14.6916947064637,1.));
#3783=CARTESIAN_POINT('',(-33.,-14.6916947064637,4.8));
#3784=VECTOR('',#3785,1.);
#3785=DIRECTION('',(0.,0.,-1.));
#3786=CARTESIAN_POINT('',(-33.,-9.19830529353631,1.));
#3787=CARTESIAN_POINT('',(-33.,-9.19830529353631,1.));
#3788=VECTOR('',#3789,1.);
#3789=DIRECTION('',(0.,-1.,0.));
#3790=CARTESIAN_POINT('',(-33.,-9.19830529353631,4.8));
#3791=CARTESIAN_POINT('',(-33.,-9.19830529353631,4.8));
#3792=VECTOR('',#3793,1.);
#3793=DIRECTION('',(0.,0.,-1.));
#3794=CARTESIAN_POINT('',(-33.,-6.72169470646371,4.8));
#3795=CARTESIAN_POINT('',(-33.,-9.1983052935363,4.8));
#3796=VECTOR('',#3797,1.);
#3797=DIRECTION('',(0.,1.,0.));
#3798=CARTESIAN_POINT('',(-33.,-6.72169470646371,1.));
#3799=CARTESIAN_POINT('',(-33.,-6.72169470646371,4.8));
#3800=VECTOR('',#3801,1.);
#3801=DIRECTION('',(0.,0.,-1.));
#3802=CARTESIAN_POINT('',(-33.,-1.2483052935363,1.));
#3803=CARTESIAN_POINT('',(-33.,-1.2483052935363,1.));
#3804=VECTOR('',#3805,1.);
#3805=DIRECTION('',(0.,-1.,0.));
#3806=CARTESIAN_POINT('',(-33.,-1.2483052935363,4.8));
#3807=CARTESIAN_POINT('',(-33.,-1.2483052935363,4.8));
#3808=VECTOR('',#3809,1.);
#3809=DIRECTION('',(0.,0.,-1.));
#3810=CARTESIAN_POINT('',(-33.,-1.24830529353629,4.8));
#3811=VECTOR('',#3812,1.);
#3812=DIRECTION('',(0.,1.,0.));
#3813=CARTESIAN_POINT('',(-33.,-2.825,18.7));
#3814=CARTESIAN_POINT('',(-33.,-2.825,22.));
#3815=AXIS2_PLACEMENT_3D('',#3816,#3817,#3818);
#3816=CARTESIAN_POINT('',(-33.,-2.825,20.35));
#3817=DIRECTION('',(-1.,0.,0.));
#3818=DIRECTION('',(0.,2.69144975666705E-16,-1.));
#3819=CARTESIAN_POINT('',(-33.,2.825,22.));
#3820=CARTESIAN_POINT('',(-33.,2.825,22.));
#3821=VECTOR('',#3822,1.);
#3822=DIRECTION('',(0.,-1.,-6.28798881203628E-16));
#3823=CARTESIAN_POINT('',(-33.,2.825,18.7));
#3824=AXIS2_PLACEMENT_3D('',#3825,#3826,#3827);
#3825=CARTESIAN_POINT('',(-33.,2.825,20.35));
#3826=DIRECTION('',(-1.,0.,0.));
#3827=DIRECTION('',(0.,-5.3828995133341E-16,1.));
#3828=CARTESIAN_POINT('',(-33.,-2.825,18.7));
#3829=VECTOR('',#3830,1.);
#3830=DIRECTION('',(0.,1.,0.));
#3831=CARTESIAN_POINT('',(-33.,-18.,31.));
#3832=CARTESIAN_POINT('',(-33.,18.,31.));
#3833=CARTESIAN_POINT('',(-33.,18.,31.));
#3834=VECTOR('',#3835,1.);
#3835=DIRECTION('',(0.,-1.,0.));
#3836=CARTESIAN_POINT('',(-33.,18.,25.));
#3837=CARTESIAN_POINT('',(-33.,18.,25.));
#3838=VECTOR('',#3839,1.);
#3839=DIRECTION('',(0.,-5.9211894646675E-16,1.));
#3840=CARTESIAN_POINT('',(-33.,-18.,25.));
#3841=CARTESIAN_POINT('',(-33.,-18.,25.));
#3842=VECTOR('',#3843,1.);
#3843=DIRECTION('',(0.,1.,0.));
#3844=CARTESIAN_POINT('',(-33.,-18.,31.));
#3845=VECTOR('',#3846,1.);
#3846=DIRECTION('',(0.,5.9211894646675E-16,-1.));
#3847=CARTESIAN_POINT('',(-30.915,-2.43499999999999,1.));
#3848=AXIS2_PLACEMENT_3D('',#3849,#3850,#3851);
#3849=CARTESIAN_POINT('',(-30.915,-0.00999999999999169,1.));
#3850=DIRECTION('',(0.,0.,-1.));
#3851=DIRECTION('',(0.,-1.,0.));
#3852=CARTESIAN_POINT('',(-30.915,-10.385,1.));
#3853=AXIS2_PLACEMENT_3D('',#3854,#3855,#3856);
#3854=CARTESIAN_POINT('',(-30.915,-7.96,1.));
#3855=DIRECTION('',(0.,0.,-1.));
#3856=DIRECTION('',(-0.85979381443299,0.510641358159295,0.));
#3857=AXIS2_PLACEMENT_3D('',#3858,#3859,#3860);
#3858=CARTESIAN_POINT('',(-30.915,-7.96,1.));
#3859=DIRECTION('',(0.,0.,-1.));
#3860=DIRECTION('',(0.,-1.,0.));
#3861=CARTESIAN_POINT('',(-30.915,-18.355,1.));
#3862=AXIS2_PLACEMENT_3D('',#3863,#3864,#3865);
#3863=CARTESIAN_POINT('',(-30.915,-15.93,1.));
#3864=DIRECTION('',(0.,0.,-1.));
#3865=DIRECTION('',(-0.859793814432987,0.5106413581593,0.));
#3866=AXIS2_PLACEMENT_3D('',#3867,#3868,#3869);
#3867=CARTESIAN_POINT('',(-30.915,-15.93,1.));
#3868=DIRECTION('',(0.,0.,-1.));
#3869=DIRECTION('',(0.,-1.,0.));
#3870=CARTESIAN_POINT('',(-33.,-21.,1.));
#3871=VECTOR('',#3872,1.);
#3872=DIRECTION('',(1.,-1.07657990266682E-16,0.));
#3873=CARTESIAN_POINT('',(32.915,-18.355,1.));
#3874=AXIS2_PLACEMENT_3D('',#3875,#3876,#3877);
#3875=CARTESIAN_POINT('',(32.915,-15.93,1.));
#3876=DIRECTION('',(0.,0.,-1.));
#3877=DIRECTION('',(0.0350515463917588,-0.999385505746179,0.));
#3878=AXIS2_PLACEMENT_3D('',#3879,#3880,#3881);
#3879=CARTESIAN_POINT('',(32.915,-15.93,1.));
#3880=DIRECTION('',(0.,0.,-1.));
#3881=DIRECTION('',(0.,-1.,0.));
#3882=CARTESIAN_POINT('',(32.915,-10.385,1.));
#3883=AXIS2_PLACEMENT_3D('',#3884,#3885,#3886);
#3884=CARTESIAN_POINT('',(32.915,-7.95999999999999,1.));
#3885=DIRECTION('',(0.,0.,-1.));
#3886=DIRECTION('',(0.0350515463917588,-0.999385505746179,0.));
#3887=AXIS2_PLACEMENT_3D('',#3888,#3889,#3890);
#3888=CARTESIAN_POINT('',(32.915,-7.95999999999999,1.));
#3889=DIRECTION('',(0.,0.,-1.));
#3890=DIRECTION('',(0.,-1.,0.));
#3891=CARTESIAN_POINT('',(32.915,-2.43500000000001,1.));
#3892=AXIS2_PLACEMENT_3D('',#3893,#3894,#3895);
#3893=CARTESIAN_POINT('',(32.915,-0.0100000000000061,1.));
#3894=DIRECTION('',(0.,0.,-1.));
#3895=DIRECTION('',(0.0350515463917588,-0.999385505746179,0.));
#3896=AXIS2_PLACEMENT_3D('',#3897,#3898,#3899);
#3897=CARTESIAN_POINT('',(32.915,-0.0100000000000061,1.));
#3898=DIRECTION('',(0.,0.,-1.));
#3899=DIRECTION('',(0.,-1.,0.));
#3900=CARTESIAN_POINT('',(32.915,5.53499999999999,1.));
#3901=AXIS2_PLACEMENT_3D('',#3902,#3903,#3904);
#3902=CARTESIAN_POINT('',(32.915,7.95999999999999,1.));
#3903=DIRECTION('',(0.,0.,-1.));
#3904=DIRECTION('',(0.0350515463917588,-0.999385505746179,0.));
#3905=AXIS2_PLACEMENT_3D('',#3906,#3907,#3908);
#3906=CARTESIAN_POINT('',(32.915,7.95999999999999,1.));
#3907=DIRECTION('',(0.,0.,-1.));
#3908=DIRECTION('',(0.,-1.,0.));
#3909=CARTESIAN_POINT('',(32.915,13.505,1.));
#3910=AXIS2_PLACEMENT_3D('',#3911,#3912,#3913);
#3911=CARTESIAN_POINT('',(32.915,15.93,1.));
#3912=DIRECTION('',(0.,0.,-1.));
#3913=DIRECTION('',(0.0350515463917559,-0.999385505746179,0.));
#3914=AXIS2_PLACEMENT_3D('',#3915,#3916,#3917);
#3915=CARTESIAN_POINT('',(32.915,15.93,1.));
#3916=DIRECTION('',(0.,0.,-1.));
#3917=DIRECTION('',(0.,-1.,0.));
#3918=CARTESIAN_POINT('',(-30.915,13.505,1.));
#3919=AXIS2_PLACEMENT_3D('',#3920,#3921,#3922);
#3920=CARTESIAN_POINT('',(-30.915,15.93,1.));
#3921=DIRECTION('',(0.,0.,-1.));
#3922=DIRECTION('',(-0.85979381443299,0.510641358159295,0.));
#3923=AXIS2_PLACEMENT_3D('',#3924,#3925,#3926);
#3924=CARTESIAN_POINT('',(-30.915,15.93,1.));
#3925=DIRECTION('',(0.,0.,-1.));
#3926=DIRECTION('',(0.,-1.,0.));
#3927=CARTESIAN_POINT('',(-30.915,5.53500000000001,1.));
#3928=AXIS2_PLACEMENT_3D('',#3929,#3930,#3931);
#3929=CARTESIAN_POINT('',(-30.915,7.96000000000001,1.));
#3930=DIRECTION('',(0.,0.,-1.));
#3931=DIRECTION('',(-0.85979381443299,0.510641358159295,0.));
#3932=AXIS2_PLACEMENT_3D('',#3933,#3934,#3935);
#3933=CARTESIAN_POINT('',(-30.915,7.96000000000001,1.));
#3934=DIRECTION('',(0.,0.,-1.));
#3935=DIRECTION('',(0.,-1.,0.));
#3936=AXIS2_PLACEMENT_3D('',#3937,#3938,#3939);
#3937=CARTESIAN_POINT('',(-30.915,-0.00999999999999169,1.));
#3938=DIRECTION('',(0.,0.,-1.));
#3939=DIRECTION('',(-0.85979381443299,0.510641358159295,0.));
#3940=CARTESIAN_POINT('',(32.915,26.325,4.8));
#3941=CARTESIAN_POINT('',(32.915,21.475,4.8));
#3942=AXIS2_PLACEMENT_3D('',#3943,#3944,#3945);
#3943=CARTESIAN_POINT('',(32.915,23.9,4.8));
#3944=DIRECTION('',(0.,0.,-1.));
#3945=DIRECTION('',(0.,-1.,0.));
#3946=AXIS2_PLACEMENT_3D('',#3947,#3948,#3949);
#3947=CARTESIAN_POINT('',(32.915,23.9,4.8));
#3948=DIRECTION('',(0.,0.,-1.));
#3949=DIRECTION('',(-5.8601462743101E-15,1.,0.));
#3950=AXIS2_PLACEMENT_3D('',#3951,#3952,#3953);
#3951=CARTESIAN_POINT('',(24.945,23.9,6.8));
#3952=DIRECTION('',(0.,0.,-1.));
#3953=DIRECTION('',(-0.437486854558893,-0.899224806201522,0.));
#3954=AXIS2_PLACEMENT_3D('',#3955,#3956,#3957);
#3955=CARTESIAN_POINT('',(24.945,23.9,4.8));
#3956=DIRECTION('',(0.,0.,-1.));
#3957=DIRECTION('',(-0.437486854558893,-0.899224806201522,0.));
#3958=CARTESIAN_POINT('',(24.945,26.325,4.8));
#3959=CARTESIAN_POINT('',(24.945,21.475,4.8));
#3960=AXIS2_PLACEMENT_3D('',#3961,#3962,#3963);
#3961=CARTESIAN_POINT('',(24.945,23.9,4.8));
#3962=DIRECTION('',(0.,0.,-1.));
#3963=DIRECTION('',(0.,-1.,0.));
#3964=AXIS2_PLACEMENT_3D('',#3965,#3966,#3967);
#3965=CARTESIAN_POINT('',(24.945,23.9,4.8));
#3966=DIRECTION('',(0.,0.,-1.));
#3967=DIRECTION('',(-5.8601462743101E-15,1.,0.));
#3968=CARTESIAN_POINT('',(24.945,26.325,6.8));
#3969=AXIS2_PLACEMENT_3D('',#3970,#3971,#3972);
#3970=CARTESIAN_POINT('',(24.945,23.9,6.8));
#3971=DIRECTION('',(0.,0.,1.));
#3972=DIRECTION('',(-6.12323399573677E-17,1.,0.));
#3973=AXIS2_PLACEMENT_3D('',#3974,#3975,#3976);
#3974=CARTESIAN_POINT('',(16.975,23.9,6.8));
#3975=DIRECTION('',(0.,0.,-1.));
#3976=DIRECTION('',(-0.437486854558897,-0.899224806201521,0.));
#3977=AXIS2_PLACEMENT_3D('',#3978,#3979,#3980);
#3978=CARTESIAN_POINT('',(16.975,23.9,4.8));
#3979=DIRECTION('',(0.,0.,-1.));
#3980=DIRECTION('',(-0.437486854558897,-0.899224806201521,0.));
#3981=CARTESIAN_POINT('',(16.975,26.325,4.8));
#3982=CARTESIAN_POINT('',(16.975,21.475,4.8));
#3983=AXIS2_PLACEMENT_3D('',#3984,#3985,#3986);
#3984=CARTESIAN_POINT('',(16.975,23.9,4.8));
#3985=DIRECTION('',(0.,0.,-1.));
#3986=DIRECTION('',(0.,-1.,0.));
#3987=AXIS2_PLACEMENT_3D('',#3988,#3989,#3990);
#3988=CARTESIAN_POINT('',(16.975,23.9,4.8));
#3989=DIRECTION('',(0.,0.,-1.));
#3990=DIRECTION('',(-5.8601462743101E-15,1.,0.));
#3991=CARTESIAN_POINT('',(16.975,26.325,6.8));
#3992=AXIS2_PLACEMENT_3D('',#3993,#3994,#3995);
#3993=CARTESIAN_POINT('',(16.975,23.9,6.8));
#3994=DIRECTION('',(0.,0.,1.));
#3995=DIRECTION('',(-6.12323399573677E-17,1.,0.));
#3996=AXIS2_PLACEMENT_3D('',#3997,#3998,#3999);
#3997=CARTESIAN_POINT('',(-14.975,23.9,6.8));
#3998=DIRECTION('',(0.,0.,-1.));
#3999=DIRECTION('',(-0.437486854558822,-0.899224806201557,0.));
#4000=AXIS2_PLACEMENT_3D('',#4001,#4002,#4003);
#4001=CARTESIAN_POINT('',(-14.975,23.9,4.8));
#4002=DIRECTION('',(0.,0.,-1.));
#4003=DIRECTION('',(-0.437486854558822,-0.899224806201557,0.));
#4004=CARTESIAN_POINT('',(-14.975,26.325,4.8));
#4005=CARTESIAN_POINT('',(-14.975,21.475,4.8));
#4006=AXIS2_PLACEMENT_3D('',#4007,#4008,#4009);
#4007=CARTESIAN_POINT('',(-14.975,23.9,4.8));
#4008=DIRECTION('',(0.,0.,-1.));
#4009=DIRECTION('',(0.,-1.,0.));
#4010=AXIS2_PLACEMENT_3D('',#4011,#4012,#4013);
#4011=CARTESIAN_POINT('',(-14.975,23.9,4.8));
#4012=DIRECTION('',(0.,0.,-1.));
#4013=DIRECTION('',(-5.8601462743101E-15,1.,0.));
#4014=CARTESIAN_POINT('',(-14.975,26.325,6.8));
#4015=AXIS2_PLACEMENT_3D('',#4016,#4017,#4018);
#4016=CARTESIAN_POINT('',(-14.975,23.9,6.8));
#4017=DIRECTION('',(0.,0.,1.));
#4018=DIRECTION('',(-6.12323399573677E-17,1.,0.));
#4019=AXIS2_PLACEMENT_3D('',#4020,#4021,#4022);
#4020=CARTESIAN_POINT('',(-22.945,23.9,6.8));
#4021=DIRECTION('',(0.,0.,-1.));
#4022=DIRECTION('',(-0.437486854558831,-0.899224806201553,0.));
#4023=AXIS2_PLACEMENT_3D('',#4024,#4025,#4026);
#4024=CARTESIAN_POINT('',(-22.945,23.9,4.8));
#4025=DIRECTION('',(0.,0.,-1.));
#4026=DIRECTION('',(-0.437486854558831,-0.899224806201553,0.));
#4027=CARTESIAN_POINT('',(-22.945,26.325,4.8));
#4028=CARTESIAN_POINT('',(-22.945,21.475,4.8));
#4029=AXIS2_PLACEMENT_3D('',#4030,#4031,#4032);
#4030=CARTESIAN_POINT('',(-22.945,23.9,4.8));
#4031=DIRECTION('',(0.,0.,-1.));
#4032=DIRECTION('',(0.,-1.,0.));
#4033=AXIS2_PLACEMENT_3D('',#4034,#4035,#4036);
#4034=CARTESIAN_POINT('',(-22.945,23.9,4.8));
#4035=DIRECTION('',(0.,0.,-1.));
#4036=DIRECTION('',(-4.39510970573258E-15,1.,0.));
#4037=CARTESIAN_POINT('',(-22.945,26.325,6.8));
#4038=AXIS2_PLACEMENT_3D('',#4039,#4040,#4041);
#4039=CARTESIAN_POINT('',(-22.945,23.9,6.8));
#4040=DIRECTION('',(0.,0.,1.));
#4041=DIRECTION('',(-6.12323399573677E-17,1.,0.));
#4042=AXIS2_PLACEMENT_3D('',#4043,#4044,#4045);
#4043=CARTESIAN_POINT('',(-30.915,23.9,6.8));
#4044=DIRECTION('',(0.,0.,-1.));
#4045=DIRECTION('',(-0.43748685455884,-0.899224806201549,0.));
#4046=AXIS2_PLACEMENT_3D('',#4047,#4048,#4049);
#4047=CARTESIAN_POINT('',(-30.915,23.9,4.8));
#4048=DIRECTION('',(0.,0.,-1.));
#4049=DIRECTION('',(-0.43748685455884,-0.899224806201549,0.));
#4050=CARTESIAN_POINT('',(-30.915,26.325,4.8));
#4051=CARTESIAN_POINT('',(-30.915,21.475,4.8));
#4052=AXIS2_PLACEMENT_3D('',#4053,#4054,#4055);
#4053=CARTESIAN_POINT('',(-30.915,23.9,4.8));
#4054=DIRECTION('',(0.,0.,-1.));
#4055=DIRECTION('',(0.,-1.,0.));
#4056=AXIS2_PLACEMENT_3D('',#4057,#4058,#4059);
#4057=CARTESIAN_POINT('',(-30.915,23.9,4.8));
#4058=DIRECTION('',(0.,0.,-1.));
#4059=DIRECTION('',(-5.8601462743101E-15,1.,0.));
#4060=CARTESIAN_POINT('',(-30.915,26.325,6.8));
#4061=AXIS2_PLACEMENT_3D('',#4062,#4063,#4064);
#4062=CARTESIAN_POINT('',(-30.915,23.9,6.8));
#4063=DIRECTION('',(0.,0.,1.));
#4064=DIRECTION('',(-6.12323399573677E-17,1.,0.));
#4065=AXIS2_PLACEMENT_3D('',#4066,#4067,#4068);
#4066=CARTESIAN_POINT('',(32.915,15.93,4.8));
#4067=DIRECTION('',(0.,0.,-1.));
#4068=DIRECTION('',(0.0350515463917558,0.999385505746179,0.));
#4069=CARTESIAN_POINT('',(32.915,13.505,-3.1));
#4070=AXIS2_PLACEMENT_3D('',#4071,#4072,#4073);
#4071=CARTESIAN_POINT('',(32.915,15.93,-3.1));
#4072=DIRECTION('',(0.,0.,-1.));
#4073=DIRECTION('',(-6.12323399573677E-17,-1.,0.));
#4074=AXIS2_PLACEMENT_3D('',#4075,#4076,#4077);
#4075=CARTESIAN_POINT('',(32.915,7.95999999999999,4.8));
#4076=DIRECTION('',(0.,0.,-1.));
#4077=DIRECTION('',(0.0350515463917559,0.999385505746179,0.));
#4078=CARTESIAN_POINT('',(32.915,5.53499999999999,-3.1));
#4079=AXIS2_PLACEMENT_3D('',#4080,#4081,#4082);
#4080=CARTESIAN_POINT('',(32.915,7.95999999999999,-3.1));
#4081=DIRECTION('',(0.,0.,-1.));
#4082=DIRECTION('',(-6.12323399573677E-17,-1.,0.));
#4083=AXIS2_PLACEMENT_3D('',#4084,#4085,#4086);
#4084=CARTESIAN_POINT('',(32.915,-0.0100000000000061,4.8));
#4085=DIRECTION('',(0.,0.,-1.));
#4086=DIRECTION('',(0.0350515463917559,0.999385505746179,0.));
#4087=CARTESIAN_POINT('',(32.915,-2.43500000000001,-3.1));
#4088=AXIS2_PLACEMENT_3D('',#4089,#4090,#4091);
#4089=CARTESIAN_POINT('',(32.915,-0.0100000000000061,-3.1));
#4090=DIRECTION('',(0.,0.,-1.));
#4091=DIRECTION('',(-6.12323399573677E-17,-1.,0.));
#4092=AXIS2_PLACEMENT_3D('',#4093,#4094,#4095);
#4093=CARTESIAN_POINT('',(32.915,-7.95999999999999,4.8));
#4094=DIRECTION('',(0.,0.,-1.));
#4095=DIRECTION('',(0.0350515463917559,0.999385505746179,0.));
#4096=CARTESIAN_POINT('',(32.915,-10.385,-3.1));
#4097=AXIS2_PLACEMENT_3D('',#4098,#4099,#4100);
#4098=CARTESIAN_POINT('',(32.915,-7.95999999999999,-3.1));
#4099=DIRECTION('',(0.,0.,-1.));
#4100=DIRECTION('',(-6.12323399573677E-17,-1.,0.));
#4101=AXIS2_PLACEMENT_3D('',#4102,#4103,#4104);
#4102=CARTESIAN_POINT('',(32.915,-15.93,4.8));
#4103=DIRECTION('',(0.,0.,-1.));
#4104=DIRECTION('',(0.0350515463917588,0.999385505746179,0.));
#4105=CARTESIAN_POINT('',(32.915,-18.355,-3.1));
#4106=AXIS2_PLACEMENT_3D('',#4107,#4108,#4109);
#4107=CARTESIAN_POINT('',(32.915,-15.93,-3.1));
#4108=DIRECTION('',(0.,0.,-1.));
#4109=DIRECTION('',(-6.12323399573677E-17,-1.,0.));
#4110=CARTESIAN_POINT('',(31.5041048940478,-21.,6.8));
#4111=CARTESIAN_POINT('',(31.5041048940478,-21.,4.8));
#4112=CARTESIAN_POINT('',(31.5041048940478,-21.,6.8));
#4113=VECTOR('',#4114,1.);
#4114=DIRECTION('',(0.,0.,-1.));
#4115=CARTESIAN_POINT('',(33.,-21.,4.8));
#4116=VECTOR('',#4117,1.);
#4117=DIRECTION('',(-1.,0.,0.));
#4118=CARTESIAN_POINT('',(33.,-21.,6.8));
#4119=VECTOR('',#4120,1.);
#4120=DIRECTION('',(-1.,0.,0.));
#4121=CARTESIAN_POINT('',(23.5341048940478,-21.,6.8));
#4122=CARTESIAN_POINT('',(23.5341048940478,-21.,4.8));
#4123=CARTESIAN_POINT('',(23.5341048940478,-21.,6.8));
#4124=VECTOR('',#4125,1.);
#4125=DIRECTION('',(0.,0.,-1.));
#4126=CARTESIAN_POINT('',(26.3558951059522,-21.,4.8));
#4127=CARTESIAN_POINT('',(26.3558951059522,-21.,4.8));
#4128=VECTOR('',#4129,1.);
#4129=DIRECTION('',(-1.,0.,0.));
#4130=CARTESIAN_POINT('',(26.3558951059522,-21.,6.8));
#4131=CARTESIAN_POINT('',(26.3558951059522,-21.,6.8));
#4132=VECTOR('',#4133,1.);
#4133=DIRECTION('',(0.,0.,-1.));
#4134=CARTESIAN_POINT('',(26.3558951059522,-21.,6.8));
#4135=VECTOR('',#4136,1.);
#4136=DIRECTION('',(-1.,0.,0.));
#4137=CARTESIAN_POINT('',(15.5641048940477,-21.,6.8));
#4138=CARTESIAN_POINT('',(15.5641048940477,-21.,4.8));
#4139=CARTESIAN_POINT('',(15.5641048940477,-21.,6.8));
#4140=VECTOR('',#4141,1.);
#4141=DIRECTION('',(0.,0.,-1.));
#4142=CARTESIAN_POINT('',(18.3858951059522,-21.,4.8));
#4143=CARTESIAN_POINT('',(18.3858951059522,-21.,4.8));
#4144=VECTOR('',#4145,1.);
#4145=DIRECTION('',(-1.,1.25902828063279E-15,0.));
#4146=CARTESIAN_POINT('',(18.3858951059522,-21.,6.8));
#4147=CARTESIAN_POINT('',(18.3858951059522,-21.,6.8));
#4148=VECTOR('',#4149,1.);
#4149=DIRECTION('',(0.,0.,-1.));
#4150=CARTESIAN_POINT('',(18.3858951059522,-21.,6.8));
#4151=VECTOR('',#4152,1.);
#4152=DIRECTION('',(-1.,1.25902828063279E-15,0.));
#4153=CARTESIAN_POINT('',(-16.3858951059525,-21.0000000000001,6.8));
#4154=CARTESIAN_POINT('',(-16.3858951059525,-21.0000000000001,4.8));
#4155=CARTESIAN_POINT('',(-16.3858951059525,-21.,6.8));
#4156=VECTOR('',#4157,1.);
#4157=DIRECTION('',(0.,0.,-1.));
#4158=CARTESIAN_POINT('',(-13.5641048940476,-21.0000000000001,4.8));
#4159=CARTESIAN_POINT('',(-13.5641048940478,-21.,4.8));
#4160=VECTOR('',#4161,1.);
#4161=DIRECTION('',(-1.,0.,0.));
#4162=CARTESIAN_POINT('',(-13.5641048940476,-21.0000000000001,6.8));
#4163=CARTESIAN_POINT('',(-13.5641048940476,-21.,6.8));
#4164=VECTOR('',#4165,1.);
#4165=DIRECTION('',(0.,0.,-1.));
#4166=CARTESIAN_POINT('',(-13.5641048940478,-21.,6.8));
#4167=VECTOR('',#4168,1.);
#4168=DIRECTION('',(-1.,0.,0.));
#4169=CARTESIAN_POINT('',(-24.3558951059521,-20.9999999999999,6.8));
#4170=CARTESIAN_POINT('',(-24.3558951059521,-20.9999999999999,4.8));
#4171=CARTESIAN_POINT('',(-24.3558951059521,-21.,6.8));
#4172=VECTOR('',#4173,1.);
#4173=DIRECTION('',(0.,0.,-1.));
#4174=CARTESIAN_POINT('',(-21.5341048940476,-21.0000000000001,4.8));
#4175=CARTESIAN_POINT('',(-21.5341048940477,-21.,4.8));
#4176=VECTOR('',#4177,1.);
#4177=DIRECTION('',(-1.,0.,0.));
#4178=CARTESIAN_POINT('',(-21.5341048940476,-21.0000000000001,6.8));
#4179=CARTESIAN_POINT('',(-21.5341048940476,-21.,6.8));
#4180=VECTOR('',#4181,1.);
#4181=DIRECTION('',(0.,0.,-1.));
#4182=CARTESIAN_POINT('',(-21.5341048940477,-21.,6.8));
#4183=VECTOR('',#4184,1.);
#4184=DIRECTION('',(-1.,0.,0.));
#4185=CARTESIAN_POINT('',(-32.3258951059525,-21.0000000000001,6.8));
#4186=CARTESIAN_POINT('',(-32.3258951059525,-21.0000000000001,4.8));
#4187=CARTESIAN_POINT('',(-32.3258951059525,-21.,6.8));
#4188=VECTOR('',#4189,1.);
#4189=DIRECTION('',(0.,0.,-1.));
#4190=CARTESIAN_POINT('',(-29.5041048940479,-20.9999999999999,4.8));
#4191=CARTESIAN_POINT('',(-29.5041048940477,-21.,4.8));
#4192=VECTOR('',#4193,1.);
#4193=DIRECTION('',(-1.,0.,0.));
#4194=CARTESIAN_POINT('',(-29.5041048940479,-20.9999999999999,6.8));
#4195=CARTESIAN_POINT('',(-29.5041048940479,-21.,6.8));
#4196=VECTOR('',#4197,1.);
#4197=DIRECTION('',(0.,0.,-1.));
#4198=CARTESIAN_POINT('',(-29.5041048940477,-21.,6.8));
#4199=VECTOR('',#4200,1.);
#4200=DIRECTION('',(-1.,0.,0.));
#4201=AXIS2_PLACEMENT_3D('',#4202,#4203,#4204);
#4202=CARTESIAN_POINT('',(32.915,-23.9,4.8));
#4203=DIRECTION('',(0.,0.,-1.));
#4204=DIRECTION('',(0.0263565891472916,0.999652604762535,0.));
#4205=CARTESIAN_POINT('',(32.915,-21.475,4.8));
#4206=CARTESIAN_POINT('',(32.915,-26.325,4.8));
#4207=AXIS2_PLACEMENT_3D('',#4208,#4209,#4210);
#4208=CARTESIAN_POINT('',(32.915,-23.9,4.8));
#4209=DIRECTION('',(0.,0.,-1.));
#4210=DIRECTION('',(0.,-1.,0.));
#4211=AXIS2_PLACEMENT_3D('',#4212,#4213,#4214);
#4212=CARTESIAN_POINT('',(32.915,-23.9,4.8));
#4213=DIRECTION('',(0.,0.,-1.));
#4214=DIRECTION('',(-2.93007313715505E-15,1.,0.));
#4215=AXIS2_PLACEMENT_3D('',#4216,#4217,#4218);
#4216=CARTESIAN_POINT('',(32.915,-23.9,6.8));
#4217=DIRECTION('',(0.,0.,-1.));
#4218=DIRECTION('',(0.0263565891472916,0.999652604762535,0.));
#4219=CARTESIAN_POINT('',(32.915,-21.475,6.8));
#4220=AXIS2_PLACEMENT_3D('',#4221,#4222,#4223);
#4221=CARTESIAN_POINT('',(32.915,-23.9,6.8));
#4222=DIRECTION('',(0.,0.,1.));
#4223=DIRECTION('',(-6.12323399573677E-17,1.,0.));
#4224=CARTESIAN_POINT('',(36.4,-14.71,43.65));
#4225=CARTESIAN_POINT('',(36.4,14.71,43.65));
#4226=CARTESIAN_POINT('',(36.4,-14.71,43.65));
#4227=VECTOR('',#4228,1.);
#4228=DIRECTION('',(7.24550716274745E-16,1.,0.));
#4229=CARTESIAN_POINT('',(36.4,-14.71,43.65));
#4230=VECTOR('',#4231,1.);
#4231=DIRECTION('',(-1.,5.22457893941254E-16,0.));
#4232=CARTESIAN_POINT('',(36.4,14.71,43.65));
#4233=VECTOR('',#4234,1.);
#4234=DIRECTION('',(-1.,5.22457893941249E-16,0.));
#4235=CARTESIAN_POINT('',(36.4,-14.71,28.95));
#4236=CARTESIAN_POINT('',(36.4,-14.71,28.95));
#4237=VECTOR('',#4238,1.);
#4238=DIRECTION('',(0.,-2.4168120263949E-16,1.));
#4239=CARTESIAN_POINT('',(36.4,-14.71,28.95));
#4240=VECTOR('',#4241,1.);
#4241=DIRECTION('',(-1.,1.0449157878825E-15,-1.0449157878825E-15));
#4242=CARTESIAN_POINT('',(36.4,14.71,28.95));
#4243=CARTESIAN_POINT('',(36.4,14.71,28.95));
#4244=VECTOR('',#4245,1.);
#4245=DIRECTION('',(-4.8303381084983E-16,-1.,0.));
#4246=CARTESIAN_POINT('',(36.4,14.71,28.95));
#4247=VECTOR('',#4248,1.);
#4248=DIRECTION('',(-1.,0.,-1.0449157878825E-15));
#4249=CARTESIAN_POINT('',(36.4,14.71,43.65));
#4250=VECTOR('',#4251,1.);
#4251=DIRECTION('',(0.,0.,-1.));
#4252=CARTESIAN_POINT('',(-34.9,23.9,-4.));
#4253=CARTESIAN_POINT('',(-34.9,23.9,-4.));
#4254=VECTOR('',#4255,1.);
#4255=DIRECTION('',(0.,0.,1.));
#4256=CARTESIAN_POINT('',(-30.915,27.885,-4.));
#4257=CARTESIAN_POINT('',(-30.915,27.885,-4.));
#4258=VECTOR('',#4259,1.);
#4259=DIRECTION('',(0.,0.,1.));
#4260=AXIS2_PLACEMENT_3D('',#4261,#4262,#4263);
#4261=CARTESIAN_POINT('',(-30.915,23.9,-4.));
#4262=DIRECTION('',(0.,0.,-1.));
#4263=DIRECTION('',(-1.,0.,0.));
#4264=CARTESIAN_POINT('',(-34.9,-23.9,-4.));
#4265=CARTESIAN_POINT('',(-34.9,23.9,-4.));
#4266=VECTOR('',#4267,1.);
#4267=DIRECTION('',(-1.48649107899603E-16,-1.,-7.43245539498013E-17));
#4268=CARTESIAN_POINT('',(-34.9,-23.9,51.));
#4269=VECTOR('',#4270,1.);
#4270=DIRECTION('',(0.,0.,-1.));
#4271=CARTESIAN_POINT('',(-34.9,2.825,18.2));
#4272=CARTESIAN_POINT('',(-34.9,2.825,22.5));
#4273=AXIS2_PLACEMENT_3D('',#4274,#4275,#4276);
#4274=CARTESIAN_POINT('',(-34.9,2.825,20.35));
#4275=DIRECTION('',(-1.,0.,0.));
#4276=DIRECTION('',(0.,-2.06553120860494E-15,1.));
#4277=CARTESIAN_POINT('',(-34.9,-2.82500000000001,22.5));
#4278=CARTESIAN_POINT('',(-34.9,-2.82500000000001,22.5));
#4279=VECTOR('',#4280,1.);
#4280=DIRECTION('',(0.,1.,1.25759776240726E-15));
#4281=CARTESIAN_POINT('',(-34.9,-2.825,18.2));
#4282=AXIS2_PLACEMENT_3D('',#4283,#4284,#4285);
#4283=CARTESIAN_POINT('',(-34.9,-2.825,20.35));
#4284=DIRECTION('',(-1.,0.,0.));
#4285=DIRECTION('',(0.,-1.65242496688396E-15,-1.));
#4286=CARTESIAN_POINT('',(-34.9,2.825,18.2));
#4287=VECTOR('',#4288,1.);
#4288=DIRECTION('',(0.,-1.,0.));
#4289=CARTESIAN_POINT('',(-34.9,-18.5,24.5));
#4290=CARTESIAN_POINT('',(-34.9,18.5,24.5));
#4291=CARTESIAN_POINT('',(-34.9,18.5,24.5));
#4292=VECTOR('',#4293,1.);
#4293=DIRECTION('',(0.,-1.,0.));
#4294=CARTESIAN_POINT('',(-34.9,18.5,31.5));
#4295=CARTESIAN_POINT('',(-34.9,18.5,31.5));
#4296=VECTOR('',#4297,1.);
#4297=DIRECTION('',(0.,5.07530525542929E-16,-1.));
#4298=CARTESIAN_POINT('',(-34.9,-18.5,31.5));
#4299=CARTESIAN_POINT('',(-34.9,-18.5,31.5));
#4300=VECTOR('',#4301,1.);
#4301=DIRECTION('',(0.,1.,0.));
#4302=CARTESIAN_POINT('',(-34.9,-18.5,24.5));
#4303=VECTOR('',#4304,1.);
#4304=DIRECTION('',(0.,0.,1.));
#4305=CARTESIAN_POINT('',(-30.915,-27.885,-4.));
#4306=AXIS2_PLACEMENT_3D('',#4307,#4308,#4309);
#4307=CARTESIAN_POINT('',(-30.915,-23.9,-4.));
#4308=DIRECTION('',(0.,0.,-1.));
#4309=DIRECTION('',(-4.45760812898432E-15,-1.,0.));
#4310=CARTESIAN_POINT('',(-30.915,-27.885,51.));
#4311=VECTOR('',#4312,1.);
#4312=DIRECTION('',(-1.29189588320018E-16,0.,-1.));
#4313=CARTESIAN_POINT('',(32.915,-27.885,-4.));
#4314=CARTESIAN_POINT('',(-30.915,-27.885,-4.));
#4315=VECTOR('',#4316,1.);
#4316=DIRECTION('',(1.,-1.11317990875779E-16,0.));
#4317=CARTESIAN_POINT('',(32.915,-27.885,-4.));
#4318=VECTOR('',#4319,1.);
#4319=DIRECTION('',(0.,0.,1.));
#4320=CARTESIAN_POINT('',(36.9,-23.9,-4.));
#4321=CARTESIAN_POINT('',(36.9,-23.9,-4.));
#4322=VECTOR('',#4323,1.);
#4323=DIRECTION('',(0.,0.,1.));
#4324=AXIS2_PLACEMENT_3D('',#4325,#4326,#4327);
#4325=CARTESIAN_POINT('',(32.915,-23.9,-4.));
#4326=DIRECTION('',(0.,0.,-1.));
#4327=DIRECTION('',(1.,0.,0.));
#4328=CARTESIAN_POINT('',(36.9,23.9,-4.));
#4329=CARTESIAN_POINT('',(36.9,23.9,-4.));
#4330=VECTOR('',#4331,1.);
#4331=DIRECTION('',(-2.97298215799205E-16,-1.,0.));
#4332=CARTESIAN_POINT('',(36.9,23.9,51.));
#4333=VECTOR('',#4334,1.);
#4334=DIRECTION('',(0.,0.,-1.));
#4335=CARTESIAN_POINT('',(36.9,-15.21,44.15));
#4336=CARTESIAN_POINT('',(36.9,15.21,44.15));
#4337=CARTESIAN_POINT('',(36.9,-15.21,44.15));
#4338=VECTOR('',#4339,1.);
#4339=DIRECTION('',(4.67154987350493E-16,1.,0.));
#4340=CARTESIAN_POINT('',(36.9,15.21,28.45));
#4341=CARTESIAN_POINT('',(36.9,15.21,44.15));
#4342=VECTOR('',#4343,1.);
#4343=DIRECTION('',(0.,-2.26287495465E-16,-1.));
#4344=CARTESIAN_POINT('',(36.9,-15.21,28.45));
#4345=CARTESIAN_POINT('',(36.9,15.21,28.45));
#4346=VECTOR('',#4347,1.);
#4347=DIRECTION('',(-4.67154987350493E-16,-1.,0.));
#4348=CARTESIAN_POINT('',(36.9,-15.21,28.45));
#4349=VECTOR('',#4350,1.);
#4350=DIRECTION('',(0.,-2.26287495465E-16,1.));
#4351=CARTESIAN_POINT('',(32.915,27.885,-4.));
#4352=AXIS2_PLACEMENT_3D('',#4353,#4354,#4355);
#4353=CARTESIAN_POINT('',(32.915,23.9,-4.));
#4354=DIRECTION('',(0.,0.,-1.));
#4355=DIRECTION('',(0.,1.,0.));
#4356=CARTESIAN_POINT('',(32.915,27.885,51.));
#4357=VECTOR('',#4358,1.);
#4358=DIRECTION('',(1.29189588320018E-16,0.,-1.));
#4359=CARTESIAN_POINT('',(32.915,27.885,-4.));
#4360=VECTOR('',#4361,1.);
#4361=DIRECTION('',(-1.,1.66976986313669E-16,0.));
#4362=AXIS2_PLACEMENT_3D('',#4363,#4364,#4365);
#4363=CARTESIAN_POINT('',(-30.915,-0.00999999999999169,4.8));
#4364=DIRECTION('',(0.,0.,-1.));
#4365=DIRECTION('',(-0.859793814432985,-0.510641358159304,0.));
#4366=CARTESIAN_POINT('',(-30.915,-2.43499999999999,-3.1));
#4367=AXIS2_PLACEMENT_3D('',#4368,#4369,#4370);
#4368=CARTESIAN_POINT('',(-30.915,-0.00999999999999169,-3.1));
#4369=DIRECTION('',(0.,0.,-1.));
#4370=DIRECTION('',(-6.12323399573677E-17,-1.,0.));
#4371=AXIS2_PLACEMENT_3D('',#4372,#4373,#4374);
#4372=CARTESIAN_POINT('',(-30.915,7.96000000000001,4.8));
#4373=DIRECTION('',(0.,0.,-1.));
#4374=DIRECTION('',(-0.859793814432985,-0.510641358159304,0.));
#4375=CARTESIAN_POINT('',(-30.915,5.53500000000001,-3.1));
#4376=AXIS2_PLACEMENT_3D('',#4377,#4378,#4379);
#4377=CARTESIAN_POINT('',(-30.915,7.96000000000001,-3.1));
#4378=DIRECTION('',(0.,0.,-1.));
#4379=DIRECTION('',(-6.12323399573677E-17,-1.,0.));
#4380=AXIS2_PLACEMENT_3D('',#4381,#4382,#4383);
#4381=CARTESIAN_POINT('',(-30.915,15.93,4.8));
#4382=DIRECTION('',(0.,0.,-1.));
#4383=DIRECTION('',(-0.859793814432985,-0.510641358159304,0.));
#4384=CARTESIAN_POINT('',(-30.915,13.505,-3.1));
#4385=AXIS2_PLACEMENT_3D('',#4386,#4387,#4388);
#4386=CARTESIAN_POINT('',(-30.915,15.93,-3.1));
#4387=DIRECTION('',(0.,0.,-1.));
#4388=DIRECTION('',(-6.12323399573677E-17,-1.,0.));
#4389=AXIS2_PLACEMENT_3D('',#4390,#4391,#4392);
#4390=CARTESIAN_POINT('',(-30.915,-15.93,4.8));
#4391=DIRECTION('',(0.,0.,-1.));
#4392=DIRECTION('',(-0.859793814432987,-0.5106413581593,0.));
#4393=CARTESIAN_POINT('',(-30.915,-18.355,-3.1));
#4394=AXIS2_PLACEMENT_3D('',#4395,#4396,#4397);
#4395=CARTESIAN_POINT('',(-30.915,-15.93,-3.1));
#4396=DIRECTION('',(0.,0.,-1.));
#4397=DIRECTION('',(-6.12323399573677E-17,-1.,0.));
#4398=AXIS2_PLACEMENT_3D('',#4399,#4400,#4401);
#4399=CARTESIAN_POINT('',(-30.915,-7.96,4.8));
#4400=DIRECTION('',(0.,0.,-1.));
#4401=DIRECTION('',(-0.859793814432985,-0.510641358159304,0.));
#4402=CARTESIAN_POINT('',(-30.915,-10.385,-3.1));
#4403=AXIS2_PLACEMENT_3D('',#4404,#4405,#4406);
#4404=CARTESIAN_POINT('',(-30.915,-7.96,-3.1));
#4405=DIRECTION('',(0.,0.,-1.));
#4406=DIRECTION('',(-6.12323399573677E-17,-1.,0.));
#4407=CARTESIAN_POINT('',(-34.4,-2.82500000000001,22.));
#4408=CARTESIAN_POINT('',(-34.4,-2.825,18.7));
#4409=AXIS2_PLACEMENT_3D('',#4410,#4411,#4412);
#4410=CARTESIAN_POINT('',(-34.4,-2.825,20.35));
#4411=DIRECTION('',(-1.,0.,0.));
#4412=DIRECTION('',(0.,2.69144975666705E-16,-1.));
#4413=CARTESIAN_POINT('',(-33.,-2.825,22.));
#4414=VECTOR('',#4415,1.);
#4415=DIRECTION('',(-1.,3.17206578464329E-16,0.));
#4416=CARTESIAN_POINT('',(-33.,-2.825,18.7));
#4417=VECTOR('',#4418,1.);
#4418=DIRECTION('',(-1.,-6.34413156928658E-16,0.));
#4419=CARTESIAN_POINT('',(-34.4,2.825,22.));
#4420=CARTESIAN_POINT('',(-34.4,-2.825,22.));
#4421=VECTOR('',#4422,1.);
#4422=DIRECTION('',(0.,1.,1.25759776240726E-15));
#4423=CARTESIAN_POINT('',(-33.,2.825,22.));
#4424=VECTOR('',#4425,1.);
#4425=DIRECTION('',(-1.,6.34413156928658E-16,0.));
#4426=CARTESIAN_POINT('',(-34.4,2.825,18.7));
#4427=AXIS2_PLACEMENT_3D('',#4428,#4429,#4430);
#4428=CARTESIAN_POINT('',(-34.4,2.825,20.35));
#4429=DIRECTION('',(-1.,0.,0.));
#4430=DIRECTION('',(0.,-5.3828995133341E-16,1.));
#4431=CARTESIAN_POINT('',(-33.,2.825,18.7));
#4432=VECTOR('',#4433,1.);
#4433=DIRECTION('',(-1.,0.,0.));
#4434=CARTESIAN_POINT('',(-34.4,2.825,18.7));
#4435=VECTOR('',#4436,1.);
#4436=DIRECTION('',(0.,-1.,0.));
#4437=CARTESIAN_POINT('',(-34.4,18.,31.));
#4438=CARTESIAN_POINT('',(-34.4,-18.,31.));
#4439=CARTESIAN_POINT('',(-34.4,-18.,31.));
#4440=VECTOR('',#4441,1.);
#4441=DIRECTION('',(0.,1.,0.));
#4442=CARTESIAN_POINT('',(-33.,18.,31.));
#4443=VECTOR('',#4444,1.);
#4444=DIRECTION('',(-1.,0.,0.));
#4445=CARTESIAN_POINT('',(-33.,-18.,31.));
#4446=VECTOR('',#4447,1.);
#4447=DIRECTION('',(-1.,0.,0.));
#4448=CARTESIAN_POINT('',(-34.4,18.,25.));
#4449=CARTESIAN_POINT('',(-34.4,18.,31.));
#4450=VECTOR('',#4451,1.);
#4451=DIRECTION('',(0.,5.9211894646675E-16,-1.));
#4452=CARTESIAN_POINT('',(-33.,18.,25.));
#4453=VECTOR('',#4454,1.);
#4454=DIRECTION('',(-1.,0.,0.));
#4455=CARTESIAN_POINT('',(-34.4,-18.,25.));
#4456=CARTESIAN_POINT('',(-34.4,18.,25.));
#4457=VECTOR('',#4458,1.);
#4458=DIRECTION('',(0.,-1.,0.));
#4459=CARTESIAN_POINT('',(-33.,-18.,25.));
#4460=VECTOR('',#4461,1.);
#4461=DIRECTION('',(-1.,0.,0.));
#4462=CARTESIAN_POINT('',(-34.4,-18.,25.));
#4463=VECTOR('',#4464,1.);
#4464=DIRECTION('',(0.,-5.9211894646675E-16,1.));
#4465=CARTESIAN_POINT('',(32.915,21.475,-3.1));
#4466=AXIS2_PLACEMENT_3D('',#4467,#4468,#4469);
#4467=CARTESIAN_POINT('',(32.915,23.9,-3.1));
#4468=DIRECTION('',(0.,0.,-1.));
#4469=DIRECTION('',(-6.12323399573677E-17,-1.,0.));
#4470=CARTESIAN_POINT('',(24.945,21.475,-3.1));
#4471=AXIS2_PLACEMENT_3D('',#4472,#4473,#4474);
#4472=CARTESIAN_POINT('',(24.945,23.9,-3.1));
#4473=DIRECTION('',(0.,0.,-1.));
#4474=DIRECTION('',(-6.12323399573677E-17,-1.,0.));
#4475=CARTESIAN_POINT('',(16.975,21.475,-3.1));
#4476=AXIS2_PLACEMENT_3D('',#4477,#4478,#4479);
#4477=CARTESIAN_POINT('',(16.975,23.9,-3.1));
#4478=DIRECTION('',(0.,0.,-1.));
#4479=DIRECTION('',(-6.12323399573677E-17,-1.,0.));
#4480=CARTESIAN_POINT('',(-14.975,21.475,-3.1));
#4481=AXIS2_PLACEMENT_3D('',#4482,#4483,#4484);
#4482=CARTESIAN_POINT('',(-14.975,23.9,-3.1));
#4483=DIRECTION('',(0.,0.,-1.));
#4484=DIRECTION('',(-6.12323399573677E-17,-1.,0.));
#4485=CARTESIAN_POINT('',(-22.945,21.475,-3.1));
#4486=AXIS2_PLACEMENT_3D('',#4487,#4488,#4489);
#4487=CARTESIAN_POINT('',(-22.945,23.9,-3.1));
#4488=DIRECTION('',(0.,0.,-1.));
#4489=DIRECTION('',(-6.12323399573677E-17,-1.,0.));
#4490=CARTESIAN_POINT('',(-30.915,21.475,-3.1));
#4491=AXIS2_PLACEMENT_3D('',#4492,#4493,#4494);
#4492=CARTESIAN_POINT('',(-30.915,23.9,-3.1));
#4493=DIRECTION('',(0.,0.,-1.));
#4494=DIRECTION('',(-6.12323399573677E-17,-1.,0.));
#4495=CARTESIAN_POINT('',(32.915,12.68,-3.1));
#4496=AXIS2_PLACEMENT_3D('',#4497,#4498,#4499);
#4497=CARTESIAN_POINT('',(32.915,15.93,-3.1));
#4498=DIRECTION('',(0.,0.,-1.));
#4499=DIRECTION('',(-6.12323399573677E-17,-1.,0.));
#4500=CARTESIAN_POINT('',(32.915,4.71,-3.1));
#4501=AXIS2_PLACEMENT_3D('',#4502,#4503,#4504);
#4502=CARTESIAN_POINT('',(32.915,7.96,-3.1));
#4503=DIRECTION('',(0.,0.,-1.));
#4504=DIRECTION('',(-6.12323399573677E-17,-1.,0.));
#4505=CARTESIAN_POINT('',(32.915,-3.25000000000001,-3.1));
#4506=AXIS2_PLACEMENT_3D('',#4507,#4508,#4509);
#4507=CARTESIAN_POINT('',(32.915,-8.64075542097397E-15,-3.1));
#4508=DIRECTION('',(0.,0.,-1.));
#4509=DIRECTION('',(-6.12323399573677E-17,-1.,0.));
#4510=CARTESIAN_POINT('',(32.915,-11.23,-3.1));
#4511=AXIS2_PLACEMENT_3D('',#4512,#4513,#4514);
#4512=CARTESIAN_POINT('',(32.915,-7.98,-3.1));
#4513=DIRECTION('',(0.,0.,-1.));
#4514=DIRECTION('',(-6.12323399573677E-17,-1.,0.));
#4515=CARTESIAN_POINT('',(32.915,-19.2,-3.1));
#4516=AXIS2_PLACEMENT_3D('',#4517,#4518,#4519);
#4517=CARTESIAN_POINT('',(32.915,-15.95,-3.1));
#4518=DIRECTION('',(0.,0.,-1.));
#4519=DIRECTION('',(-6.12323399573677E-17,-1.,0.));
#4520=AXIS2_PLACEMENT_3D('',#4521,#4522,#4523);
#4521=CARTESIAN_POINT('',(24.945,-23.9,6.8));
#4522=DIRECTION('',(0.,0.,-1.));
#4523=DIRECTION('',(0.437486854558828,0.899224806201554,0.));
#4524=AXIS2_PLACEMENT_3D('',#4525,#4526,#4527);
#4525=CARTESIAN_POINT('',(24.945,-23.9,4.8));
#4526=DIRECTION('',(0.,0.,-1.));
#4527=DIRECTION('',(0.437486854558828,0.899224806201554,0.));
#4528=CARTESIAN_POINT('',(24.945,-21.475,4.8));
#4529=CARTESIAN_POINT('',(24.945,-26.325,4.8));
#4530=AXIS2_PLACEMENT_3D('',#4531,#4532,#4533);
#4531=CARTESIAN_POINT('',(24.945,-23.9,4.8));
#4532=DIRECTION('',(0.,0.,-1.));
#4533=DIRECTION('',(0.,-1.,0.));
#4534=AXIS2_PLACEMENT_3D('',#4535,#4536,#4537);
#4535=CARTESIAN_POINT('',(24.945,-23.9,4.8));
#4536=DIRECTION('',(0.,0.,-1.));
#4537=DIRECTION('',(-2.93007313715505E-15,1.,0.));
#4538=CARTESIAN_POINT('',(24.945,-21.475,6.8));
#4539=AXIS2_PLACEMENT_3D('',#4540,#4541,#4542);
#4540=CARTESIAN_POINT('',(24.945,-23.9,6.8));
#4541=DIRECTION('',(0.,0.,1.));
#4542=DIRECTION('',(-6.12323399573677E-17,1.,0.));
#4543=AXIS2_PLACEMENT_3D('',#4544,#4545,#4546);
#4544=CARTESIAN_POINT('',(16.975,-23.9,6.8));
#4545=DIRECTION('',(0.,0.,-1.));
#4546=DIRECTION('',(0.437486854558837,0.89922480620155,0.));
#4547=AXIS2_PLACEMENT_3D('',#4548,#4549,#4550);
#4548=CARTESIAN_POINT('',(16.975,-23.9,4.8));
#4549=DIRECTION('',(0.,0.,-1.));
#4550=DIRECTION('',(0.437486854558837,0.89922480620155,0.));
#4551=CARTESIAN_POINT('',(16.975,-21.475,4.8));
#4552=CARTESIAN_POINT('',(16.975,-26.325,4.8));
#4553=AXIS2_PLACEMENT_3D('',#4554,#4555,#4556);
#4554=CARTESIAN_POINT('',(16.975,-23.9,4.8));
#4555=DIRECTION('',(0.,0.,-1.));
#4556=DIRECTION('',(0.,-1.,0.));
#4557=AXIS2_PLACEMENT_3D('',#4558,#4559,#4560);
#4558=CARTESIAN_POINT('',(16.975,-23.9,4.8));
#4559=DIRECTION('',(0.,0.,-1.));
#4560=DIRECTION('',(-2.93007313715505E-15,1.,0.));
#4561=CARTESIAN_POINT('',(16.975,-21.475,6.8));
#4562=AXIS2_PLACEMENT_3D('',#4563,#4564,#4565);
#4563=CARTESIAN_POINT('',(16.975,-23.9,6.8));
#4564=DIRECTION('',(0.,0.,1.));
#4565=DIRECTION('',(-6.12323399573677E-17,1.,0.));
#4566=AXIS2_PLACEMENT_3D('',#4567,#4568,#4569);
#4567=CARTESIAN_POINT('',(-14.975,-23.9,6.8));
#4568=DIRECTION('',(0.,0.,-1.));
#4569=DIRECTION('',(0.437486854558893,0.899224806201522,0.));
#4570=AXIS2_PLACEMENT_3D('',#4571,#4572,#4573);
#4571=CARTESIAN_POINT('',(-14.975,-23.9,4.8));
#4572=DIRECTION('',(0.,0.,-1.));
#4573=DIRECTION('',(0.437486854558893,0.899224806201522,0.));
#4574=CARTESIAN_POINT('',(-14.975,-21.475,4.8));
#4575=CARTESIAN_POINT('',(-14.975,-26.325,4.8));
#4576=AXIS2_PLACEMENT_3D('',#4577,#4578,#4579);
#4577=CARTESIAN_POINT('',(-14.975,-23.9,4.8));
#4578=DIRECTION('',(0.,0.,-1.));
#4579=DIRECTION('',(0.,-1.,0.));
#4580=AXIS2_PLACEMENT_3D('',#4581,#4582,#4583);
#4581=CARTESIAN_POINT('',(-14.975,-23.9,4.8));
#4582=DIRECTION('',(0.,0.,-1.));
#4583=DIRECTION('',(-1.46503656857753E-15,1.,0.));
#4584=CARTESIAN_POINT('',(-14.975,-21.475,6.8));
#4585=AXIS2_PLACEMENT_3D('',#4586,#4587,#4588);
#4586=CARTESIAN_POINT('',(-14.975,-23.9,6.8));
#4587=DIRECTION('',(0.,0.,1.));
#4588=DIRECTION('',(-6.12323399573677E-17,1.,0.));
#4589=AXIS2_PLACEMENT_3D('',#4590,#4591,#4592);
#4590=CARTESIAN_POINT('',(-22.945,-23.9,6.8));
#4591=DIRECTION('',(0.,0.,-1.));
#4592=DIRECTION('',(0.437486854558897,0.899224806201521,0.));
#4593=AXIS2_PLACEMENT_3D('',#4594,#4595,#4596);
#4594=CARTESIAN_POINT('',(-22.945,-23.9,4.8));
#4595=DIRECTION('',(0.,0.,-1.));
#4596=DIRECTION('',(0.437486854558897,0.899224806201521,0.));
#4597=CARTESIAN_POINT('',(-22.945,-21.475,4.8));
#4598=CARTESIAN_POINT('',(-22.945,-26.325,4.8));
#4599=AXIS2_PLACEMENT_3D('',#4600,#4601,#4602);
#4600=CARTESIAN_POINT('',(-22.945,-23.9,4.8));
#4601=DIRECTION('',(0.,0.,-1.));
#4602=DIRECTION('',(0.,-1.,0.));
#4603=AXIS2_PLACEMENT_3D('',#4604,#4605,#4606);
#4604=CARTESIAN_POINT('',(-22.945,-23.9,4.8));
#4605=DIRECTION('',(0.,0.,-1.));
#4606=DIRECTION('',(-2.93007313715505E-15,1.,0.));
#4607=CARTESIAN_POINT('',(-22.945,-21.475,6.8));
#4608=AXIS2_PLACEMENT_3D('',#4609,#4610,#4611);
#4609=CARTESIAN_POINT('',(-22.945,-23.9,6.8));
#4610=DIRECTION('',(0.,0.,1.));
#4611=DIRECTION('',(-6.12323399573677E-17,1.,0.));
#4612=AXIS2_PLACEMENT_3D('',#4613,#4614,#4615);
#4613=CARTESIAN_POINT('',(-30.915,-23.9,6.8));
#4614=DIRECTION('',(0.,0.,-1.));
#4615=DIRECTION('',(0.437486854558783,0.899224806201576,0.));
#4616=AXIS2_PLACEMENT_3D('',#4617,#4618,#4619);
#4617=CARTESIAN_POINT('',(-30.915,-23.9,4.8));
#4618=DIRECTION('',(0.,0.,-1.));
#4619=DIRECTION('',(0.437486854558783,0.899224806201576,0.));
#4620=CARTESIAN_POINT('',(-30.915,-21.475,4.8));
#4621=CARTESIAN_POINT('',(-30.915,-26.325,4.8));
#4622=AXIS2_PLACEMENT_3D('',#4623,#4624,#4625);
#4623=CARTESIAN_POINT('',(-30.915,-23.9,4.8));
#4624=DIRECTION('',(0.,0.,-1.));
#4625=DIRECTION('',(0.,-1.,0.));
#4626=AXIS2_PLACEMENT_3D('',#4627,#4628,#4629);
#4627=CARTESIAN_POINT('',(-30.915,-23.9,4.8));
#4628=DIRECTION('',(0.,0.,-1.));
#4629=DIRECTION('',(-2.93007313715505E-15,1.,0.));
#4630=CARTESIAN_POINT('',(-30.915,-21.475,6.8));
#4631=AXIS2_PLACEMENT_3D('',#4632,#4633,#4634);
#4632=CARTESIAN_POINT('',(-30.915,-23.9,6.8));
#4633=DIRECTION('',(0.,0.,1.));
#4634=DIRECTION('',(-6.12323399573677E-17,1.,0.));
#4635=CARTESIAN_POINT('',(32.915,-26.325,-3.1));
#4636=AXIS2_PLACEMENT_3D('',#4637,#4638,#4639);
#4637=CARTESIAN_POINT('',(32.915,-23.9,-3.1));
#4638=DIRECTION('',(0.,0.,-1.));
#4639=DIRECTION('',(-6.12323399573677E-17,-1.,0.));
#4640=CARTESIAN_POINT('',(36.9,-15.21,44.15));
#4641=VECTOR('',#4642,1.);
#4642=DIRECTION('',(-0.577350269189622,0.577350269189624,-0.577350269189631));
#4643=CARTESIAN_POINT('',(36.9,15.21,44.15));
#4644=VECTOR('',#4645,1.);
#4645=DIRECTION('',(-0.577350269189622,-0.577350269189632,-0.577350269189622));
#4646=CARTESIAN_POINT('',(36.9,-15.21,28.45));
#4647=VECTOR('',#4648,1.);
#4648=DIRECTION('',(-0.577350269189629,0.577350269189619,0.577350269189629));
#4649=CARTESIAN_POINT('',(36.9,15.21,28.45));
#4650=VECTOR('',#4651,1.);
#4651=DIRECTION('',(-0.577350269189624,-0.577350269189633,0.57735026918962));
#4652=CARTESIAN_POINT('',(-30.845,20.65,-4.));
#4653=AXIS2_PLACEMENT_3D('',#4654,#4655,#4656);
#4654=CARTESIAN_POINT('',(-30.845,23.9,-4.));
#4655=DIRECTION('',(0.,0.,-1.));
#4656=DIRECTION('',(-6.12323399573677E-17,-1.,0.));
#4657=CARTESIAN_POINT('',(-22.875,20.65,-4.));
#4658=AXIS2_PLACEMENT_3D('',#4659,#4660,#4661);
#4659=CARTESIAN_POINT('',(-22.875,23.9,-4.));
#4660=DIRECTION('',(0.,0.,-1.));
#4661=DIRECTION('',(-6.12323399573677E-17,-1.,0.));
#4662=CARTESIAN_POINT('',(-14.905,20.65,-4.));
#4663=AXIS2_PLACEMENT_3D('',#4664,#4665,#4666);
#4664=CARTESIAN_POINT('',(-14.905,23.9,-4.));
#4665=DIRECTION('',(0.,0.,-1.));
#4666=DIRECTION('',(-6.12323399573677E-17,-1.,0.));
#4667=CARTESIAN_POINT('',(-30.845,-27.17,-4.));
#4668=AXIS2_PLACEMENT_3D('',#4669,#4670,#4671);
#4669=CARTESIAN_POINT('',(-30.845,-23.92,-4.));
#4670=DIRECTION('',(0.,0.,-1.));
#4671=DIRECTION('',(-6.12323399573677E-17,-1.,0.));
#4672=CARTESIAN_POINT('',(-22.875,-27.17,-4.));
#4673=AXIS2_PLACEMENT_3D('',#4674,#4675,#4676);
#4674=CARTESIAN_POINT('',(-22.875,-23.92,-4.));
#4675=DIRECTION('',(0.,0.,-1.));
#4676=DIRECTION('',(-6.12323399573677E-17,-1.,0.));
#4677=CARTESIAN_POINT('',(-14.905,-27.17,-4.));
#4678=AXIS2_PLACEMENT_3D('',#4679,#4680,#4681);
#4679=CARTESIAN_POINT('',(-14.905,-23.92,-4.));
#4680=DIRECTION('',(0.,0.,-1.));
#4681=DIRECTION('',(-6.12323399573677E-17,-1.,0.));
#4682=CARTESIAN_POINT('',(32.915,20.65,-4.));
#4683=AXIS2_PLACEMENT_3D('',#4684,#4685,#4686);
#4684=CARTESIAN_POINT('',(32.915,23.9,-4.));
#4685=DIRECTION('',(0.,0.,-1.));
#4686=DIRECTION('',(-6.12323399573677E-17,-1.,0.));
#4687=CARTESIAN_POINT('',(24.945,20.65,-4.));
#4688=AXIS2_PLACEMENT_3D('',#4689,#4690,#4691);
#4689=CARTESIAN_POINT('',(24.945,23.9,-4.));
#4690=DIRECTION('',(0.,0.,-1.));
#4691=DIRECTION('',(-6.12323399573677E-17,-1.,0.));
#4692=CARTESIAN_POINT('',(16.975,20.65,-4.));
#4693=AXIS2_PLACEMENT_3D('',#4694,#4695,#4696);
#4694=CARTESIAN_POINT('',(16.975,23.9,-4.));
#4695=DIRECTION('',(0.,0.,-1.));
#4696=DIRECTION('',(-6.12323399573677E-17,-1.,0.));
#4697=CARTESIAN_POINT('',(32.915,-27.17,-4.));
#4698=AXIS2_PLACEMENT_3D('',#4699,#4700,#4701);
#4699=CARTESIAN_POINT('',(32.915,-23.92,-4.));
#4700=DIRECTION('',(0.,0.,-1.));
#4701=DIRECTION('',(-6.12323399573677E-17,-1.,0.));
#4702=CARTESIAN_POINT('',(24.945,-27.17,-4.));
#4703=AXIS2_PLACEMENT_3D('',#4704,#4705,#4706);
#4704=CARTESIAN_POINT('',(24.945,-23.92,-4.));
#4705=DIRECTION('',(0.,0.,-1.));
#4706=DIRECTION('',(-6.12323399573677E-17,-1.,0.));
#4707=CARTESIAN_POINT('',(16.975,-27.17,-4.));
#4708=AXIS2_PLACEMENT_3D('',#4709,#4710,#4711);
#4709=CARTESIAN_POINT('',(16.975,-23.92,-4.));
#4710=DIRECTION('',(0.,0.,-1.));
#4711=DIRECTION('',(-6.12323399573677E-17,-1.,0.));
#4712=CARTESIAN_POINT('',(32.915,-3.25000000000001,-4.));
#4713=AXIS2_PLACEMENT_3D('',#4714,#4715,#4716);
#4714=CARTESIAN_POINT('',(32.915,-7.105427357601E-15,-4.));
#4715=DIRECTION('',(0.,0.,-1.));
#4716=DIRECTION('',(-6.12323399573677E-17,-1.,0.));
#4717=CARTESIAN_POINT('',(-30.845,-3.24999999999999,-4.));
#4718=AXIS2_PLACEMENT_3D('',#4719,#4720,#4721);
#4719=CARTESIAN_POINT('',(-30.845,7.105427357601E-15,-4.));
#4720=DIRECTION('',(0.,0.,-1.));
#4721=DIRECTION('',(-6.12323399573677E-17,-1.,0.));
#4722=CARTESIAN_POINT('',(-30.845,12.68,-4.));
#4723=AXIS2_PLACEMENT_3D('',#4724,#4725,#4726);
#4724=CARTESIAN_POINT('',(-30.845,15.93,-4.));
#4725=DIRECTION('',(0.,0.,-1.));
#4726=DIRECTION('',(-6.12323399573677E-17,-1.,0.));
#4727=CARTESIAN_POINT('',(-30.845,-19.2,-4.));
#4728=AXIS2_PLACEMENT_3D('',#4729,#4730,#4731);
#4729=CARTESIAN_POINT('',(-30.845,-15.95,-4.));
#4730=DIRECTION('',(0.,0.,-1.));
#4731=DIRECTION('',(-6.12323399573677E-17,-1.,0.));
#4732=CARTESIAN_POINT('',(-30.845,4.71000000000001,-4.));
#4733=AXIS2_PLACEMENT_3D('',#4734,#4735,#4736);
#4734=CARTESIAN_POINT('',(-30.845,7.96000000000001,-4.));
#4735=DIRECTION('',(0.,0.,-1.));
#4736=DIRECTION('',(-6.12323399573677E-17,-1.,0.));
#4737=CARTESIAN_POINT('',(-30.845,-11.23,-4.));
#4738=AXIS2_PLACEMENT_3D('',#4739,#4740,#4741);
#4739=CARTESIAN_POINT('',(-30.845,-7.97999999999999,-4.));
#4740=DIRECTION('',(0.,0.,-1.));
#4741=DIRECTION('',(-6.12323399573677E-17,-1.,0.));
#4742=CARTESIAN_POINT('',(32.915,12.68,-4.));
#4743=AXIS2_PLACEMENT_3D('',#4744,#4745,#4746);
#4744=CARTESIAN_POINT('',(32.915,15.93,-4.));
#4745=DIRECTION('',(0.,0.,-1.));
#4746=DIRECTION('',(-6.12323399573677E-17,-1.,0.));
#4747=CARTESIAN_POINT('',(32.915,4.71,-4.));
#4748=AXIS2_PLACEMENT_3D('',#4749,#4750,#4751);
#4749=CARTESIAN_POINT('',(32.915,7.96,-4.));
#4750=DIRECTION('',(0.,0.,-1.));
#4751=DIRECTION('',(-6.12323399573677E-17,-1.,0.));
#4752=CARTESIAN_POINT('',(32.915,-11.23,-4.));
#4753=AXIS2_PLACEMENT_3D('',#4754,#4755,#4756);
#4754=CARTESIAN_POINT('',(32.915,-7.98,-4.));
#4755=DIRECTION('',(0.,0.,-1.));
#4756=DIRECTION('',(-6.12323399573677E-17,-1.,0.));
#4757=CARTESIAN_POINT('',(32.915,-19.2,-4.));
#4758=AXIS2_PLACEMENT_3D('',#4759,#4760,#4761);
#4759=CARTESIAN_POINT('',(32.915,-15.95,-4.));
#4760=DIRECTION('',(0.,0.,-1.));
#4761=DIRECTION('',(-6.12323399573677E-17,-1.,0.));
#4762=AXIS2_PLACEMENT_3D('',#4763,#4764,#4765);
#4763=CARTESIAN_POINT('',(-34.4,2.825,18.2));
#4764=DIRECTION('',(0.,1.,0.));
#4765=DIRECTION('',(-1.,0.,6.12323399573677E-17));
#4766=AXIS2_PLACEMENT_3D('',#4767,#4768,#4769);
#4767=CARTESIAN_POINT('',(-34.4,2.82499999999999,22.5));
#4768=DIRECTION('',(0.,-1.,-1.49880108324396E-15));
#4769=DIRECTION('',(-1.,0.,0.));
#4770=AXIS2_PLACEMENT_3D('',#4771,#4772,#4773);
#4771=CARTESIAN_POINT('',(-34.4,-2.825,22.5));
#4772=DIRECTION('',(0.,-1.,-7.36313715813576E-16));
#4773=DIRECTION('',(-1.,4.50862117619695E-32,-6.12323399573677E-17));
#4774=AXIS2_PLACEMENT_3D('',#4775,#4776,#4777);
#4775=CARTESIAN_POINT('',(-34.4,-2.825,18.2));
#4776=DIRECTION('',(0.,1.,1.66533453693773E-16));
#4777=DIRECTION('',(-1.,0.,0.));
#4778=CARTESIAN_POINT('',(-34.9,-18.5,24.5));
#4779=VECTOR('',#4780,1.);
#4780=DIRECTION('',(0.57735026918962,0.577350269189628,0.577350269189628));
#4781=CARTESIAN_POINT('',(-34.9,18.5,24.5));
#4782=VECTOR('',#4783,1.);
#4783=DIRECTION('',(0.57735026918962,-0.577350269189628,0.577350269189628));
#4784=CARTESIAN_POINT('',(-34.9,18.5,31.5));
#4785=VECTOR('',#4786,1.);
#4786=DIRECTION('',(0.577350269189618,-0.577350269189634,-0.577350269189626));
#4787=CARTESIAN_POINT('',(-34.9,-18.5,31.5));
#4788=VECTOR('',#4789,1.);
#4789=DIRECTION('',(0.57735026918962,0.577350269189628,-0.577350269189628));
#4790=CARTESIAN_POINT('',(-30.845,-3.24999999999999,-3.1));
#4791=AXIS2_PLACEMENT_3D('',#4792,#4793,#4794);
#4792=CARTESIAN_POINT('',(-30.845,7.49554093947791E-15,-3.1));
#4793=DIRECTION('',(0.,0.,-1.));
#4794=DIRECTION('',(-6.12323399573677E-17,-1.,0.));
#4795=CARTESIAN_POINT('',(-30.845,4.71000000000001,-3.1));
#4796=AXIS2_PLACEMENT_3D('',#4797,#4798,#4799);
#4797=CARTESIAN_POINT('',(-30.845,7.96000000000001,-3.1));
#4798=DIRECTION('',(0.,0.,-1.));
#4799=DIRECTION('',(-6.12323399573677E-17,-1.,0.));
#4800=CARTESIAN_POINT('',(-30.845,12.68,-3.1));
#4801=AXIS2_PLACEMENT_3D('',#4802,#4803,#4804);
#4802=CARTESIAN_POINT('',(-30.845,15.93,-3.1));
#4803=DIRECTION('',(0.,0.,-1.));
#4804=DIRECTION('',(-6.12323399573677E-17,-1.,0.));
#4805=CARTESIAN_POINT('',(-30.845,-19.2,-3.1));
#4806=AXIS2_PLACEMENT_3D('',#4807,#4808,#4809);
#4807=CARTESIAN_POINT('',(-30.845,-15.95,-3.1));
#4808=DIRECTION('',(0.,0.,-1.));
#4809=DIRECTION('',(-6.12323399573677E-17,-1.,0.));
#4810=CARTESIAN_POINT('',(-30.845,-11.23,-3.1));
#4811=AXIS2_PLACEMENT_3D('',#4812,#4813,#4814);
#4812=CARTESIAN_POINT('',(-30.845,-7.97999999999999,-3.1));
#4813=DIRECTION('',(0.,0.,-1.));
#4814=DIRECTION('',(-6.12323399573677E-17,-1.,0.));
#4815=CARTESIAN_POINT('',(32.915,20.65,-3.1));
#4816=AXIS2_PLACEMENT_3D('',#4817,#4818,#4819);
#4817=CARTESIAN_POINT('',(32.915,23.9,-3.1));
#4818=DIRECTION('',(0.,0.,-1.));
#4819=DIRECTION('',(-6.12323399573677E-17,-1.,0.));
#4820=CARTESIAN_POINT('',(24.945,20.65,-3.1));
#4821=AXIS2_PLACEMENT_3D('',#4822,#4823,#4824);
#4822=CARTESIAN_POINT('',(24.945,23.9,-3.1));
#4823=DIRECTION('',(0.,0.,-1.));
#4824=DIRECTION('',(-6.12323399573677E-17,-1.,0.));
#4825=CARTESIAN_POINT('',(16.975,20.65,-3.1));
#4826=AXIS2_PLACEMENT_3D('',#4827,#4828,#4829);
#4827=CARTESIAN_POINT('',(16.975,23.9,-3.1));
#4828=DIRECTION('',(0.,0.,-1.));
#4829=DIRECTION('',(-6.12323399573677E-17,-1.,0.));
#4830=CARTESIAN_POINT('',(-14.905,20.65,-3.1));
#4831=AXIS2_PLACEMENT_3D('',#4832,#4833,#4834);
#4832=CARTESIAN_POINT('',(-14.905,23.9,-3.1));
#4833=DIRECTION('',(0.,0.,-1.));
#4834=DIRECTION('',(-6.12323399573677E-17,-1.,0.));
#4835=CARTESIAN_POINT('',(-22.875,20.65,-3.1));
#4836=AXIS2_PLACEMENT_3D('',#4837,#4838,#4839);
#4837=CARTESIAN_POINT('',(-22.875,23.9,-3.1));
#4838=DIRECTION('',(0.,0.,-1.));
#4839=DIRECTION('',(-6.12323399573677E-17,-1.,0.));
#4840=CARTESIAN_POINT('',(-30.845,20.65,-3.1));
#4841=AXIS2_PLACEMENT_3D('',#4842,#4843,#4844);
#4842=CARTESIAN_POINT('',(-30.845,23.9,-3.1));
#4843=DIRECTION('',(0.,0.,-1.));
#4844=DIRECTION('',(-6.12323399573677E-17,-1.,0.));
#4845=CARTESIAN_POINT('',(24.945,-26.325,-3.1));
#4846=AXIS2_PLACEMENT_3D('',#4847,#4848,#4849);
#4847=CARTESIAN_POINT('',(24.945,-23.9,-3.1));
#4848=DIRECTION('',(0.,0.,-1.));
#4849=DIRECTION('',(-6.12323399573677E-17,-1.,0.));
#4850=CARTESIAN_POINT('',(16.975,-26.325,-3.1));
#4851=AXIS2_PLACEMENT_3D('',#4852,#4853,#4854);
#4852=CARTESIAN_POINT('',(16.975,-23.9,-3.1));
#4853=DIRECTION('',(0.,0.,-1.));
#4854=DIRECTION('',(-6.12323399573677E-17,-1.,0.));
#4855=CARTESIAN_POINT('',(-14.975,-26.325,-3.1));
#4856=AXIS2_PLACEMENT_3D('',#4857,#4858,#4859);
#4857=CARTESIAN_POINT('',(-14.975,-23.9,-3.1));
#4858=DIRECTION('',(0.,0.,-1.));
#4859=DIRECTION('',(-6.12323399573677E-17,-1.,0.));
#4860=CARTESIAN_POINT('',(-22.945,-26.325,-3.1));
#4861=AXIS2_PLACEMENT_3D('',#4862,#4863,#4864);
#4862=CARTESIAN_POINT('',(-22.945,-23.9,-3.1));
#4863=DIRECTION('',(0.,0.,-1.));
#4864=DIRECTION('',(-6.12323399573677E-17,-1.,0.));
#4865=CARTESIAN_POINT('',(-30.915,-26.325,-3.1));
#4866=AXIS2_PLACEMENT_3D('',#4867,#4868,#4869);
#4867=CARTESIAN_POINT('',(-30.915,-23.9,-3.1));
#4868=DIRECTION('',(0.,0.,-1.));
#4869=DIRECTION('',(-6.12323399573677E-17,-1.,0.));
#4870=CARTESIAN_POINT('',(32.915,-27.17,-3.1));
#4871=AXIS2_PLACEMENT_3D('',#4872,#4873,#4874);
#4872=CARTESIAN_POINT('',(32.915,-23.92,-3.1));
#4873=DIRECTION('',(0.,0.,-1.));
#4874=DIRECTION('',(-6.12323399573677E-17,-1.,0.));
#4875=CARTESIAN_POINT('',(-30.845,-27.17,-3.1));
#4876=AXIS2_PLACEMENT_3D('',#4877,#4878,#4879);
#4877=CARTESIAN_POINT('',(-30.845,-23.92,-3.1));
#4878=DIRECTION('',(0.,0.,-1.));
#4879=DIRECTION('',(-6.12323399573677E-17,-1.,0.));
#4880=CARTESIAN_POINT('',(-22.875,-27.17,-3.1));
#4881=AXIS2_PLACEMENT_3D('',#4882,#4883,#4884);
#4882=CARTESIAN_POINT('',(-22.875,-23.92,-3.1));
#4883=DIRECTION('',(0.,0.,-1.));
#4884=DIRECTION('',(-6.12323399573677E-17,-1.,0.));
#4885=CARTESIAN_POINT('',(-14.905,-27.17,-3.1));
#4886=AXIS2_PLACEMENT_3D('',#4887,#4888,#4889);
#4887=CARTESIAN_POINT('',(-14.905,-23.92,-3.1));
#4888=DIRECTION('',(0.,0.,-1.));
#4889=DIRECTION('',(-6.12323399573677E-17,-1.,0.));
#4890=CARTESIAN_POINT('',(24.945,-27.17,-3.1));
#4891=AXIS2_PLACEMENT_3D('',#4892,#4893,#4894);
#4892=CARTESIAN_POINT('',(24.945,-23.92,-3.1));
#4893=DIRECTION('',(0.,0.,-1.));
#4894=DIRECTION('',(-6.12323399573677E-17,-1.,0.));
#4895=CARTESIAN_POINT('',(16.975,-27.17,-3.1));
#4896=AXIS2_PLACEMENT_3D('',#4897,#4898,#4899);
#4897=CARTESIAN_POINT('',(16.975,-23.92,-3.1));
#4898=DIRECTION('',(0.,0.,-1.));
#4899=DIRECTION('',(-6.12323399573677E-17,-1.,0.));
#4900=CARTESIAN_POINT('',(-30.915,26.325,4.8));
#4901=AXIS2_PLACEMENT_3D('',#4902,#4903,#4904);
#4902=CARTESIAN_POINT('',(-30.915,23.9,4.8));
#4903=DIRECTION('',(0.,0.,1.));
#4904=DIRECTION('',(-6.12323399573677E-17,1.,0.));
#4905=CARTESIAN_POINT('',(-30.915,-21.475,4.8));
#4906=AXIS2_PLACEMENT_3D('',#4907,#4908,#4909);
#4907=CARTESIAN_POINT('',(-30.915,-23.9,4.8));
#4908=DIRECTION('',(0.,0.,1.));
#4909=DIRECTION('',(-6.12323399573676E-17,1.,0.));
#4910=CARTESIAN_POINT('',(-22.945,-21.475,4.8));
#4911=AXIS2_PLACEMENT_3D('',#4912,#4913,#4914);
#4912=CARTESIAN_POINT('',(-22.945,-23.9,4.8));
#4913=DIRECTION('',(0.,0.,1.));
#4914=DIRECTION('',(-6.12323399573676E-17,1.,0.));
#4915=CARTESIAN_POINT('',(-22.945,26.325,4.8));
#4916=CARTESIAN_POINT('',(-22.945,26.325,4.8));
#4917=AXIS2_PLACEMENT_3D('',#4918,#4919,#4920);
#4918=CARTESIAN_POINT('',(-22.945,23.9,4.8));
#4919=DIRECTION('',(0.,0.,1.));
#4920=DIRECTION('',(-6.12323399573677E-17,1.,0.));
#4921=CARTESIAN_POINT('',(-14.975,26.325,4.8));
#4922=CARTESIAN_POINT('',(-14.975,26.325,4.8));
#4923=AXIS2_PLACEMENT_3D('',#4924,#4925,#4926);
#4924=CARTESIAN_POINT('',(-14.975,23.9,4.8));
#4925=DIRECTION('',(0.,0.,1.));
#4926=DIRECTION('',(-6.12323399573677E-17,1.,0.));
#4927=CARTESIAN_POINT('',(-14.975,-21.475,4.8));
#4928=AXIS2_PLACEMENT_3D('',#4929,#4930,#4931);
#4929=CARTESIAN_POINT('',(-14.975,-23.9,4.8));
#4930=DIRECTION('',(0.,0.,1.));
#4931=DIRECTION('',(-6.12323399573677E-17,1.,0.));
#4932=CARTESIAN_POINT('',(32.915,26.325,4.8));
#4933=CARTESIAN_POINT('',(32.915,26.325,4.8));
#4934=AXIS2_PLACEMENT_3D('',#4935,#4936,#4937);
#4935=CARTESIAN_POINT('',(32.915,23.9,4.8));
#4936=DIRECTION('',(0.,0.,1.));
#4937=DIRECTION('',(-6.12323399573677E-17,1.,0.));
#4938=CARTESIAN_POINT('',(24.945,26.325,4.8));
#4939=CARTESIAN_POINT('',(24.945,26.325,4.8));
#4940=AXIS2_PLACEMENT_3D('',#4941,#4942,#4943);
#4941=CARTESIAN_POINT('',(24.945,23.9,4.8));
#4942=DIRECTION('',(0.,0.,1.));
#4943=DIRECTION('',(-6.12323399573677E-17,1.,0.));
#4944=CARTESIAN_POINT('',(16.975,26.325,4.8));
#4945=CARTESIAN_POINT('',(16.975,26.325,4.8));
#4946=AXIS2_PLACEMENT_3D('',#4947,#4948,#4949);
#4947=CARTESIAN_POINT('',(16.975,23.9,4.8));
#4948=DIRECTION('',(0.,0.,1.));
#4949=DIRECTION('',(-6.12323399573677E-17,1.,0.));
#4950=CARTESIAN_POINT('',(16.975,-21.475,4.8));
#4951=AXIS2_PLACEMENT_3D('',#4952,#4953,#4954);
#4952=CARTESIAN_POINT('',(16.975,-23.9,4.8));
#4953=DIRECTION('',(0.,0.,1.));
#4954=DIRECTION('',(-6.12323399573677E-17,1.,0.));
#4955=CARTESIAN_POINT('',(24.945,-21.475,4.8));
#4956=AXIS2_PLACEMENT_3D('',#4957,#4958,#4959);
#4957=CARTESIAN_POINT('',(24.945,-23.9,4.8));
#4958=DIRECTION('',(0.,0.,1.));
#4959=DIRECTION('',(-6.12323399573677E-17,1.,0.));
#4960=CARTESIAN_POINT('',(32.915,-21.475,4.8));
#4961=AXIS2_PLACEMENT_3D('',#4962,#4963,#4964);
#4962=CARTESIAN_POINT('',(32.915,-23.9,4.8));
#4963=DIRECTION('',(0.,0.,1.));
#4964=DIRECTION('',(-6.12323399573677E-17,1.,0.));
ENDSEC;
END-ISO-10303-21;
